{
    "step": 0,
    "train": {
        "loss": 1.1405330896377563,
        "accuracy": 0.73725426197052
    },
    "eval": {
        "loss": 1.0107704401016235,
        "accuracy": 0.7220847606658936
    }
}