{
    "step": 0,
    "train": {
        "loss": 1.1354260444641113,
        "accuracy": 0.7373834848403931
    },
    "eval": {
        "loss": 1.0186172723770142,
        "accuracy": 0.7220593094825745
    }
}