{
    "val": {
        "loss": 0.5935605764389038,
        "acc": 0.015614972449839115
    },
    "epoch": 1,
    "step": 31,
    "train": {
        "epoch": {
            "loss": 0.6389755606651306,
            "acc": 0.013801763765513897
        }
    }
}
