{
    "val": {
        "loss": 0.5884107947349548,
        "acc": 0.016209468245506287
    },
    "epoch": 3,
    "step": 31,
    "train": {
        "epoch": {
            "loss": 0.5969148278236389,
            "acc": 0.01574687473475933
        }
    }
}
