step	acc
156	0.9260039329528809
313	0.9411877989768982
