step	acc
12	0.02850525826215744
25	0.05894257128238678
38	0.07061712443828583
51	0.07946193963289261
64	0.08538749814033508
77	0.09075171500444412
90	0.09640823304653168
103	0.10075252503156662
116	0.103582963347435
129	0.10528530180454254
