step	acc
12	0.013488399796187878
25	0.040622416883707047
38	0.0530678853392601
51	0.06036671623587608
64	0.06212587654590607
77	0.054799918085336685
90	0.05754825100302696
103	0.06427250057458878
116	0.06511431932449341
129	0.06526070833206177
