step	acc
156	0.017901694402098656
313	0.020457111299037933
