step	acc
156	0.9327449202537537
313	0.949500322341919
