step	acc
15	0.012907692231237888
31	0.015207324177026749
