step	acc
1	0.016838066279888153
3	0.017042523249983788
5	0.020740753039717674
7	0.020377885550260544
9	0.020290015265345573
11	0.02029530704021454
13	0.019985990598797798
15	0.01979498565196991
17	0.019687045365571976
19	0.019669465720653534
21	0.01948578655719757
23	0.01927758753299713
25	0.01896631345152855
27	0.01856977678835392
29	0.017958683893084526
31	0.017626779153943062
33	0.017304975539445877
35	0.01711604744195938
37	0.01695169135928154
39	0.016718989238142967
