step	acc
156	0.027291731908917427
313	0.05900849029421806
