step	acc
0	0.027335306629538536
0	0.017720595002174377
