step	acc
1	0.0117509039118886
3	0.011627260595560074
5	0.011627906933426857
