step	acc
156	0.013201095163822174
313	0.012560630217194557
