step	acc
156	0.9106070399284363
313	0.9260538816452026
