step	acc
15	0.00933093298226595
31	0.011966927908360958
