step	acc
12	0.012036007829010487
25	0.011634294874966145
38	0.011974028311669827
51	0.011633971706032753
64	0.011627906933426857
77	0.011627906933426857
90	0.011627744883298874
103	0.011859023943543434
116	0.011627906933426857
129	0.01300701405853033
