step	acc
156	0.02998124621808529
313	0.05965546891093254
