step	acc
156	0.03410163149237633
313	0.06485369801521301
