step	acc
1	0.026649506762623787
3	0.017415452748537064
5	0.013805839233100414
