step	acc
1	0.01929701305925846
3	0.015547025017440319
5	0.020293062552809715
