step	acc
1	0.00411619059741497
3	0.016613733023405075
5	0.020615873858332634
7	0.021231940016150475
9	0.021585075184702873
11	0.020928168669342995
13	0.02011854387819767
15	0.018281375989317894
17	0.021058399230241776
19	0.01823403686285019
21	0.01713871955871582
23	0.016661135479807854
25	0.016635317355394363
27	0.016909711062908173
29	0.017130747437477112
31	0.017700405791401863
33	0.018498988822102547
35	0.01998700387775898
37	0.02045276015996933
39	0.021143756806850433
