step	acc
0	0.013215030543506145
0	0.024091342464089394
