step	acc
156	0.023799985647201538
313	0.04801909253001213
