step	acc
156	0.09887676686048508
313	0.1471019834280014
470	0.18248222768306732
627	0.20411770045757294
784	0.2190815657377243
941	0.2287890911102295
1098	0.23663000762462616
1255	0.24443037807941437
1412	0.2499464601278305
1504	0.2522057294845581
