step	acc
12	0.011786771938204765
25	0.011627906933426857
38	0.011627906933426857
51	0.011635594069957733
64	0.012002660892903805
77	0.012190358713269234
90	0.011627906933426857
103	0.011627906933426857
116	0.011627906933426857
129	0.011627906933426857
