step	acc
7	0.011229577474296093
15	0.011256144382059574
23	0.012112702243030071
31	0.012622534297406673
