step	acc
12	0.012674794532358646
25	0.011767213232815266
38	0.011881441809237003
51	0.011627906933426857
64	0.011681130155920982
77	0.01163133978843689
90	0.011627906933426857
103	0.011627906933426857
116	0.011627906933426857
129	0.011627906933426857
