step	acc
12	0.011713982559740543
25	0.01292323786765337
38	0.011667693965137005
51	0.012437806464731693
64	0.01276170089840889
77	0.013367485255002975
90	0.012960905209183693
103	0.0135605214163661
116	0.01246696338057518
129	0.01254149992018938
