step	acc
78	0.9090231657028198
157	0.9274004101753235
236	0.9304330945014954
315	0.9313501119613647
394	0.9321485161781311
