step	acc
15	0.012287642806768417
31	0.012329721823334694
