step	acc
1	0.007157599553465843
3	0.011998864822089672
5	0.01755155809223652
7	0.025114772841334343
9	0.03924750164151192
11	0.045458827167749405
13	0.05051175504922867
15	0.05513881519436836
17	0.05789506807923317
19	0.06021890044212341
