step	acc
1	0.010952256619930267
3	0.015962108969688416
5	0.015974726527929306
7	0.016062241047620773
9	0.015034658834338188
11	0.013202219270169735
13	0.015602645464241505
15	0.012736384756863117
17	0.012736384756863117
19	0.012736384756863117
21	0.012736384756863117
23	0.012736384756863117
25	0.012736384756863117
27	0.012736384756863117
29	0.012736384756863117
31	0.012736384756863117
33	0.012736384756863117
35	0.012736384756863117
37	0.012744197621941566
39	0.012744197621941566
