step	acc
12	0.010922366753220558
25	0.011627906933426857
38	0.011627906933426857
51	0.011627906933426857
64	0.011627906933426857
77	0.011627906933426857
90	0.011641571298241615
103	0.011647180654108524
116	0.01167941465973854
129	0.011694351211190224
