step	acc
156	0.09092555940151215
313	0.1407133787870407
470	0.1844511330127716
627	0.20944026112556458
784	0.2234346717596054
941	0.2334490269422531
1098	0.24073821306228638
1255	0.24592573940753937
1412	0.25021469593048096
1569	0.2541157007217407
1726	0.2571769654750824
1883	0.26032599806785583
2040	0.2636663019657135
2197	0.26535293459892273
2354	0.2669644057750702
2477	0.2681221663951874
