step	acc
12	0.0170864537358284
25	0.019330361858010292
38	0.018897823989391327
51	0.01687912829220295
64	0.017873305827379227
77	0.016767650842666626
90	0.01717197708785534
103	0.0182960107922554
116	0.018253596499562263
129	0.019822582602500916
