step	acc
1	0.00720038590952754
3	0.012429931201040745
5	0.012730317190289497
7	0.012943137437105179
9	0.0128330634906888
