step	acc
156	0.029838113114237785
313	0.05311069265007973
