step	acc
1	0.010180311277508736
3	0.015561685897409916
5	0.02204454503953457
7	0.02136726677417755
9	0.019410455599427223
11	0.01814395934343338
13	0.01765596680343151
15	0.017240136861801147
17	0.017208382487297058
19	0.01717221550643444
21	0.016580814495682716
23	0.014764252118766308
25	0.017250701785087585
27	0.017088687047362328
29	0.015022451058030128
31	0.015025557018816471
33	0.016271164640784264
35	0.013172304257750511
37	0.013117159716784954
39	0.012861671857535839
