step	acc
78	0.8911487460136414
157	0.9224882125854492
236	0.9264271259307861
315	0.9299076199531555
394	0.931515634059906
