step	acc
1	0.011162638664245605
3	0.018623163923621178
