step	acc
12	0.03096545860171318
25	0.061782680451869965
38	0.07184241712093353
51	0.0792241320014
64	0.08506231009960175
77	0.08888783305883408
90	0.09274578094482422
103	0.09668545424938202
116	0.09977627545595169
