step	acc
0	0.015016410499811172
0	0.016178324818611145
