step	acc
1	0.0093019288033247
3	0.017148857936263084
5	0.013331069611012936
7	0.01567661203444004
9	0.0148210683837533
