step	acc
1	0.01606985554099083
3	0.017295144498348236
5	0.0150559451431036
