step	acc
15	0.803747296333313
31	0.8660699725151062
