step	acc
15	0.011276105418801308
31	0.01193264964967966
