step	acc
12	0.01311219297349453
25	0.01163117028772831
38	0.011661447584629059
51	0.011728297919034958
64	0.012373403646051884
77	0.012074592523276806
90	0.011746253818273544
103	0.012206519022583961
116	0.011644226498901844
129	0.012507234700024128
