step	acc
156	0.023947298526763916
313	0.04594254121184349
