step	acc
7	0.012770187109708786
15	0.010698726400732994
23	0.011929983273148537
