step	acc
156	0.9304919242858887
313	0.9460769295692444
