step	acc
12	0.012456387281417847
25	0.011888133361935616
38	0.011883336119353771
51	0.012036311440169811
64	0.011786095798015594
77	0.011787430383265018
90	0.011795157566666603
103	0.011809375137090683
116	0.011842305772006512
129	0.011909070424735546
