step	acc
15	0.012490811757743359
31	0.012637842446565628
