step	acc
156	0.07825011759996414
313	0.12034665793180466
470	0.15348750352859497
627	0.17242328822612762
784	0.18381880223751068
941	0.19224236905574799
1098	0.19938457012176514
1255	0.20546548068523407
1412	0.21198764443397522
1569	0.21587346494197845
1604	0.22249244153499603
