step	acc
12	0.013141551986336708
25	0.012275722809135914
38	0.011672530323266983
51	0.011627906933426857
64	0.011627906933426857
77	0.011627906933426857
90	0.011627906933426857
103	0.011627906933426857
116	0.011627906933426857
