step	acc
15	0.013551988638937473
31	0.014475204981863499
47	0.014578690752387047
63	0.012611094862222672
79	0.012640479020774364
95	0.0126886535435915
111	0.012571862898766994
127	0.012932837940752506
143	0.013741872273385525
159	0.01480439305305481
