step	acc
156	0.01841595582664013
313	0.0336492545902729
