step	acc
156	0.09867266565561295
313	0.14953869581222534
470	0.1848955750465393
627	0.21055930852890015
784	0.22313068807125092
941	0.23404201865196228
1098	0.2407868653535843
1255	0.24807552993297577
1412	0.2537923753261566
1569	0.25780150294303894
1677	0.2603742182254791
