step	acc
1	0.01045849546790123
3	0.01893865130841732
