step	acc
12	0.013068347238004208
25	0.013048958033323288
38	0.011777915991842747
51	0.011678065173327923
64	0.011627906933426857
77	0.011627906933426857
90	0.011627906933426857
103	0.011627906933426857
116	0.011627906933426857
129	0.011627906933426857
