step	acc
156	0.0332723893225193
313	0.07219880074262619
