step	acc
156	0.09434383362531662
313	0.14241331815719604
470	0.17859865725040436
627	0.20470096170902252
784	0.2170046865940094
941	0.2268274873495102
958	0.2278781682252884
