step	acc
156	0.014989989809691906
313	0.012604029849171638
