step	acc
1	0.005846990738064051
3	0.015456978231668472
5	0.013461938127875328
7	0.012875630520284176
9	0.013034150935709476
11	0.01427103765308857
13	0.014867102727293968
15	0.01653303951025009
17	0.01624293252825737
