step	acc
1	0.009815698489546776
3	0.015092018060386181
5	0.015066903084516525
