step	acc
1	0.013634288683533669
3	0.015188413672149181
