step	acc
156	0.9290064573287964
313	0.9464649558067322
