step	acc
1	0.007521371357142925
3	0.016834497451782227
5	0.011722211726009846
7	0.011627906933426857
9	0.011820628307759762
