step	acc
156	0.926321804523468
313	0.9433187246322632
