step	acc
15	0.7470159530639648
31	0.8592303395271301
47	0.8628265857696533
63	0.8667144775390625
79	0.8695992827415466
