step	acc
1	0.01874520257115364
3	0.016320379450917244
5	0.013236135244369507
