step	acc
156	0.020788852125406265
313	0.051555998623371124
