step	acc
15	0.744816780090332
31	0.8614822626113892
