step	acc
15	0.8057631254196167
31	0.8630666732788086
