step	acc
15	0.7579774260520935
31	0.8619657158851624
47	0.869807243347168
