step	acc
1	0.005190485157072544
3	0.010049242526292801
5	0.023748144507408142
7	0.02139662764966488
9	0.015842104330658913
