step	acc
15	0.7546461820602417
31	0.8326379656791687
