step	acc
12	0.027667999267578125
25	0.059550900012254715
38	0.07240049540996552
51	0.07814455032348633
64	0.08530279994010925
77	0.08991339057683945
90	0.09372024238109589
103	0.09534695744514465
116	0.09832961857318878
129	0.1007198691368103
