step	acc
39	0.01070750318467617
79	0.024921564385294914
