step	acc
12	0.011740658432245255
25	0.012932288460433483
38	0.013622481375932693
51	0.01164132822304964
64	0.011627906933426857
77	0.011627906933426857
90	0.012102639302611351
103	0.01236419565975666
116	0.012511209584772587
129	0.0134277967736125
