step	acc
1	0.0067295110784471035
3	0.013341710902750492
