step	acc
156	0.026356851682066917
313	0.04829256981611252
