step	acc
156	0.048059891909360886
313	0.06448973715305328
