step	acc
156	0.013274284079670906
313	0.013542849570512772
