step	acc
156	0.9307661056518555
313	0.9474496245384216
