step	acc
312	0.9214658141136169
625	0.933311402797699
