step	acc
156	0.02361239306628704
313	0.055535003542900085
