step	acc
1	0.005768678151071072
3	0.019245775416493416
