step	acc
15	0.794791579246521
31	0.8536794185638428
