step	acc
156	0.02930261753499508
313	0.06506165117025375
