step	acc
15	0.008315350860357285
31	0.012684199027717113
