step	acc
1	0.008966214954853058
3	0.01982710137963295
