step	acc
12	0.012373029254376888
25	0.02939634770154953
38	0.04857725650072098
51	0.056461118161678314
64	0.06344221532344818
77	0.06586090475320816
90	0.06781162321567535
103	0.07006501406431198
116	0.0721399262547493
129	0.07354550063610077
