step	acc
1	0.0071973721496760845
3	0.010624852031469345
5	0.020138027146458626
7	0.019973451271653175
9	0.018150143325328827
