step	acc
12	0.011869659647345543
25	0.033655162900686264
38	0.04808296635746956
51	0.05598108470439911
64	0.05922747030854225
77	0.060724735260009766
90	0.06116636097431183
103	0.05718008056282997
116	0.059764109551906586
129	0.06422292441129684
