step	acc
15	0.014069236814975739
31	0.015600994229316711
