step	acc
12	0.009936858899891376
25	0.012836478650569916
38	0.01220531202852726
51	0.012297319248318672
64	0.012224909849464893
77	0.011966650374233723
90	0.011913662776350975
103	0.011722635477781296
116	0.011678125709295273
129	0.011668141931295395
