step	acc
15	0.011234799399971962
31	0.017342695966362953
47	0.0178091898560524
63	0.018127257004380226
79	0.017079874873161316
