step	acc
15	0.012158012948930264
31	0.012927209958434105
