step	acc
12	0.021264221519231796
25	0.026590483263134956
38	0.026486044749617577
51	0.03204474598169327
64	0.03315404802560806
77	0.03695353865623474
90	0.035971105098724365
103	0.037109486758708954
116	0.03816450387239456
129	0.03827345743775368
