step	acc
12	0.014285699464380741
25	0.01305407378822565
38	0.016017217189073563
51	0.01933666691184044
64	0.02469511330127716
77	0.02851097285747528
90	0.029467744752764702
103	0.02958822064101696
116	0.03188338130712509
129	0.03202476724982262
