step	acc
156	0.03921923041343689
313	0.061327796429395676
