step	acc
1	0.014129999093711376
3	0.02950657345354557
5	0.01549915038049221
