step	loss
156	0.9800792932510376
313	0.4133581519126892
