step	loss
156	0.4160642921924591
313	0.2606085240840912
