step	loss
1	4.707137584686279
3	4.110745906829834
5	3.7526695728302
7	3.4065842628479004
9	3.04371976852417
