step	loss
1	4.206618785858154
3	3.647036552429199
5	2.9566617012023926
7	2.2324891090393066
9	1.7819186449050903
