step	loss
156	0.43920469284057617
313	0.2608402967453003
