step	loss
15	1.4994765520095825
31	0.5595679879188538
