step	loss
1	4.030886173248291
3	2.9424350261688232
