step	loss
156	0.2650204598903656
313	0.188974067568779
470	0.17411091923713684
627	0.16544100642204285
784	0.15970471501350403
941	0.155768483877182
958	0.1538938283920288
