step	loss
7	1.9799885749816895
15	0.7485891580581665
23	0.6321824789047241
