step	loss
12	1.3942828178405762
25	0.7849597930908203
38	0.7040290832519531
51	0.6683237552642822
64	0.6441693305969238
77	0.6274487972259521
90	0.6141694188117981
103	0.6034224033355713
116	0.5930829048156738
129	0.5854349732398987
