step	loss
156	0.2818024158477783
313	0.19003354012966156
