step	loss
15	1.588259220123291
31	0.6310396194458008
