step	loss
1	4.436263084411621
3	2.617605209350586
5	1.6873477697372437
