step	loss
12	2.700054883956909
25	1.498582124710083
38	1.3764610290527344
51	1.2934603691101074
64	1.2595480680465698
77	1.241661548614502
90	1.2296411991119385
103	1.2190815210342407
116	1.2075614929199219
