step	loss
12	4.099299907684326
25	2.2699759006500244
38	1.379647970199585
51	1.308799147605896
64	1.2708321809768677
77	1.2262153625488281
90	1.2059656381607056
103	1.1961219310760498
116	1.1926147937774658
129	1.1910459995269775
