step	loss
156	0.48537763953208923
313	0.2925213873386383
