step	loss
0	4.562980651855469
0	3.72979736328125
