step	train/epoch/loss
156	0.2620619237422943
313	0.1769905984401703
