step	loss
15	1.2460840940475464
31	0.5797593593597412
