step	loss
12	1.4973574876785278
25	0.911350429058075
38	0.9012642502784729
51	0.8740491271018982
64	0.9158012866973877
77	0.8534444570541382
90	0.8564346432685852
103	0.8530026078224182
116	0.8465246558189392
129	0.9464119076728821
