step	loss
1	4.670022010803223
3	4.0656633377075195
5	3.472724199295044
7	2.8473193645477295
9	2.2901010513305664
