step	loss
156	0.27202489972114563
313	0.1908203363418579
470	0.17433588206768036
627	0.164838969707489
784	0.1587865650653839
941	0.15465356409549713
1098	0.15167397260665894
1255	0.14952993392944336
1412	0.14776301383972168
1569	0.14646631479263306
1726	0.14519090950489044
1883	0.1442573070526123
2040	0.14345689117908478
2197	0.14274829626083374
2354	0.14219577610492706
2477	0.14170515537261963
