step	loss
156	0.43334564566612244
313	0.25813838839530945
