step	loss
1	4.246272563934326
3	3.442676305770874
5	2.634127140045166
7	2.047299385070801
9	1.7599459886550903
