step	loss
15	1.122913122177124
31	0.6080261468887329
47	0.5514765381813049
