step	loss
1	4.0635881423950195
3	2.624910354614258
