step	loss
156	0.2539680302143097
313	0.17472143471240997
