step	loss
0	4.320618152618408
0	2.9440176486968994
