step	loss
1	4.208069324493408
3	2.8245928287506104
5	1.9553741216659546
