step	loss
15	1.7719416618347168
31	0.6049962043762207
