step	loss
12	1.785246729850769
25	0.9857308268547058
38	0.9385978579521179
51	0.9055360555648804
64	0.92625892162323
77	0.8710418939590454
90	0.8651021718978882
103	0.8628804087638855
116	1.0056809186935425
129	0.8484840989112854
