step	loss
1	3.91306209564209
3	2.093445062637329
