step	loss
156	0.2664768397808075
313	0.1885426789522171
470	0.1741955429315567
627	0.1659986525774002
784	0.16037209331989288
941	0.1562994122505188
1098	0.15349090099334717
1255	0.15124300122261047
1412	0.14945325255393982
1504	0.14830222725868225
