step	loss
12	3.491485595703125
25	1.5100396871566772
38	1.1990753412246704
51	1.1014294624328613
64	1.0570429563522339
77	1.0315872430801392
90	1.0149567127227783
103	1.003285527229309
116	0.994783878326416
129	0.9887532591819763
