step	loss
15	1.005997896194458
31	0.5141140818595886
