step	loss
15	1.541488766670227
31	0.8283774256706238
