step	loss
1	4.487845420837402
3	4.017399787902832
5	3.5296478271484375
7	2.989558219909668
9	2.4411911964416504
11	2.058791399002075
13	1.8940443992614746
15	1.6357064247131348
17	1.4987998008728027
19	1.4029065370559692
21	1.3357539176940918
23	1.28464937210083
25	1.2442963123321533
27	1.2109763622283936
29	1.182571530342102
31	1.157954454421997
33	1.1363681554794312
35	1.117209792137146
37	1.1000155210494995
39	1.0844517946243286
