step	loss
15	1.8008806705474854
31	0.5820144414901733
