step	loss
156	0.4554538428783417
313	0.26869142055511475
