step	loss
15	1.1900031566619873
31	0.5756412148475647
47	0.5196377038955688
63	0.4918895363807678
79	0.47395220398902893
