step	loss
15	1.740170955657959
31	0.6275785565376282
