step	loss
12	1.7268673181533813
25	1.1191190481185913
38	1.0398564338684082
51	1.0329737663269043
64	1.0362826585769653
77	1.0459933280944824
90	1.0381368398666382
103	1.0532402992248535
116	1.0353100299835205
129	1.041629672050476
