step	loss
1	4.266201019287109
3	3.437365770339966
5	2.696718692779541
