step	loss
12	2.3619472980499268
25	1.2937344312667847
38	1.2025552988052368
51	1.11719810962677
64	1.0723612308502197
77	1.0545897483825684
90	1.0463247299194336
103	1.0451502799987793
116	1.039284110069275
129	1.0340611934661865
