step	loss
1	4.3132243156433105
3	3.1985409259796143
