step	loss
0	3.8259267807006836
0	2.156904697418213
