step	loss
156	1.6991257667541504
313	0.63818359375
