step	loss
1	4.267055034637451
3	3.5703039169311523
5	2.8444619178771973
7	1.6028817892074585
9	1.193345069885254
11	1.045270562171936
13	0.9742494225502014
15	1.0031208992004395
17	0.9191333055496216
19	0.8939089179039001
21	0.8772467970848083
23	0.8637737035751343
25	0.8523017764091492
27	0.8422154784202576
29	0.8331689238548279
31	0.8249238729476929
33	0.8172402381896973
35	0.8100103139877319
37	0.8822081089019775
39	0.8014979362487793
