step	loss
1	4.392160892486572
3	3.5878021717071533
5	2.9109413623809814
7	2.3619441986083984
9	1.9488022327423096
11	1.6595511436462402
13	1.5045579671859741
15	1.406772255897522
17	1.3386160135269165
