step	loss
156	0.2510407269001007
313	0.1677028238773346
