step	loss
156	0.2677568197250366
313	0.17943960428237915
