step	loss
1	4.124270915985107
3	2.0290210247039795
5	1.3691613674163818
