step	loss
156	0.48007437586784363
313	0.37553900480270386
