step	loss
156	0.4058085083961487
313	0.2706744968891144
