step	loss
1	3.6832590103149414
3	1.4539194107055664
5	1.2581195831298828
7	1.1093345880508423
9	1.0173048973083496
11	0.936475396156311
13	0.8807026147842407
15	0.8162693977355957
17	0.7962104678153992
19	0.7676358819007874
