step	train/epoch/loss
156	0.2607693076133728
313	0.17835842072963715
