step	loss
15	3.9537553787231445
31	2.9806571006774902
