step	loss
1	4.567025661468506
3	3.7818639278411865
5	2.581381320953369
