step	loss
156	0.5390145778656006
313	0.3134508430957794
