step	loss
12	1.4003697633743286
25	0.7650355696678162
38	0.6979553699493408
51	0.6607136726379395
64	0.6384110450744629
77	0.6236575245857239
90	0.6101691722869873
103	0.6004539132118225
116	0.5918363928794861
