step	loss
1	4.339257717132568
3	2.709216356277466
