step	loss
156	0.2857336401939392
313	0.19899915158748627
