step	loss
12	2.628411293029785
25	1.3233548402786255
38	1.2837125062942505
51	1.2781094312667847
64	1.2676122188568115
77	1.2703591585159302
90	1.2729439735412598
103	1.2689793109893799
116	1.2757328748703003
129	1.2745511531829834
