step	loss
1	3.8952417373657227
3	2.3825881481170654
