step	loss
156	0.4707038104534149
313	0.28974494338035583
