step	loss
78	0.404620885848999
157	0.2609695494174957
236	0.24703960120677948
315	0.24034108221530914
394	0.23597277700901031
