step	loss
1	4.159090518951416
3	2.5578577518463135
5	1.6139448881149292
7	1.281347632408142
9	1.1481016874313354
