step	loss
1	4.359593391418457
3	3.4198687076568604
