step	loss
12	1.4868005514144897
25	0.8905770182609558
38	0.8232165575027466
51	0.7941649556159973
64	0.7695059776306152
77	0.7617835998535156
90	0.754698634147644
103	0.9218600392341614
116	0.7476907968521118
129	0.7435308694839478
