step	loss
156	0.24363254010677338
313	0.17040780186653137
470	0.15726113319396973
627	0.14951781928539276
784	0.14518707990646362
941	0.14168374240398407
1098	0.1393532007932663
1255	0.13733164966106415
1412	0.1358422189950943
1569	0.13429951667785645
1604	0.13353776931762695
