step	loss
15	2.651099920272827
31	1.1034443378448486
47	0.9179204106330872
63	0.8584996461868286
79	0.7974901795387268
95	0.7613820433616638
111	0.7376429438591003
127	0.7168747782707214
143	0.7019720673561096
159	0.6881032586097717
