step	loss
12	1.4060713052749634
25	0.7702579498291016
38	0.6966984272003174
51	0.6609284281730652
64	0.638870358467102
77	0.6238247752189636
90	0.609729528427124
103	0.6006125211715698
116	0.5895587801933289
129	0.5822920799255371
