step	loss
12	1.7089523077011108
25	0.9037303328514099
38	0.8092653751373291
51	0.7655454874038696
64	0.7407687306404114
77	0.7243853807449341
90	0.7117370367050171
103	0.7021709680557251
116	0.6940157413482666
129	0.68758225440979
