step	loss
12	1.5738757848739624
25	0.8569034337997437
38	0.7834217548370361
51	0.7601026892662048
64	0.7457820773124695
77	0.8434446454048157
90	0.751328706741333
103	0.7336829304695129
116	0.7293055653572083
129	0.7290635108947754
