step	loss
156	0.3046068847179413
313	0.22923274338245392
