step	loss
12	4.114390850067139
25	3.6149845123291016
38	3.077519416809082
51	2.596891403198242
64	2.229361057281494
77	1.980851173400879
90	1.821352243423462
103	1.7135406732559204
116	1.63499116897583
129	1.574247121810913
