step	loss
1	4.1978325843811035
3	3.1155388355255127
5	1.9009819030761719
