step	loss
156	0.44763797521591187
313	0.2750683128833771
