step	loss
156	1.9140894412994385
313	0.672575831413269
