step	loss
7	2.091826915740967
15	0.7605333924293518
23	0.6553815603256226
31	0.611866295337677
