step	loss
156	0.2646912634372711
313	0.18553093075752258
470	0.17061679065227509
627	0.1620888113975525
784	0.15643034875392914
941	0.15263329446315765
1098	0.14979717135429382
1255	0.14781028032302856
1412	0.14619387686252594
1569	0.14480414986610413
1677	0.14402076601982117
