step	loss
12	3.1948070526123047
25	1.3464574813842773
38	1.2346453666687012
51	1.1953511238098145
64	1.2409337759017944
77	1.2723616361618042
90	1.271327018737793
103	1.2385939359664917
116	1.2228749990463257
129	1.21237313747406
