step	loss
156	0.253925085067749
313	0.18054349720478058
