step	loss
1	4.200488090515137
3	4.0728325843811035
5	3.9784276485443115
7	3.893125295639038
9	3.8122057914733887
11	3.7320587635040283
13	3.649106979370117
15	3.562440872192383
17	3.471311092376709
19	3.3727262020111084
21	3.2683520317077637
23	3.1663923263549805
25	3.070622444152832
27	2.980820894241333
29	2.8963515758514404
31	2.8167574405670166
33	2.741661310195923
35	2.670705556869507
37	2.603553056716919
39	2.5398974418640137
