step	loss
12	2.1143836975097656
25	1.2736440896987915
38	1.2449936866760254
51	1.2329437732696533
64	1.2351880073547363
77	1.2294158935546875
90	1.2338457107543945
103	1.2263274192810059
116	1.2309670448303223
129	1.2240463495254517
