step	loss
78	0.6164668798446655
157	0.296271413564682
236	0.2684797942638397
315	0.25382766127586365
394	0.2431308627128601
