step	loss
156	0.7817732691764832
313	0.35701265931129456
