step	loss
12	1.8593922853469849
25	1.0755468606948853
38	1.107722520828247
51	1.0586851835250854
64	1.039270043373108
77	1.0353184938430786
90	1.0375252962112427
103	1.0419176816940308
116	1.0364563465118408
129	1.1893445253372192
