step	loss
156	0.44726189970970154
313	0.2905813455581665
