step	loss
312	0.3239585757255554
625	0.23454760015010834
