step	loss
15	1.3664501905441284
31	0.618248701095581
