step	loss
15	4.193083763122559
31	3.256870746612549
47	2.5492873191833496
63	2.106235980987549
79	1.826225757598877
