step	loss
156	0.4382067918777466
313	0.2669884264469147
