step	loss
12	2.054744243621826
25	1.2160967588424683
38	1.1178621053695679
51	1.0815216302871704
64	1.081404447555542
77	1.0765610933303833
90	1.0467941761016846
103	1.0984028577804565
116	1.061643123626709
129	1.0914885997772217
