step	loss
156	0.47738534212112427
313	0.2719919681549072
