step	loss
15	1.419505000114441
31	0.6347014904022217
