step	loss
12	2.0945699214935303
25	1.1344410181045532
38	1.0587754249572754
51	1.0328755378723145
64	1.0165008306503296
77	1.2135120630264282
90	1.0530072450637817
103	1.0165437459945679
116	1.0074687004089355
129	1.0056685209274292
