step	loss
1	4.570214748382568
3	3.0984601974487305
5	1.5712203979492188
