step	loss
156	0.4319884777069092
313	0.285840779542923
