step	loss
12	1.3990120887756348
25	0.9399672746658325
38	0.9416714310646057
51	1.24994695186615
64	0.9360400438308716
77	0.9419100284576416
90	0.9297319054603577
103	0.9227306842803955
116	0.919575572013855
129	0.9214419722557068
