step	loss
12	1.5892877578735352
25	1.0407170057296753
38	1.3541340827941895
51	1.0459457635879517
64	1.0244771242141724
77	1.0242615938186646
90	1.0263171195983887
103	1.0330971479415894
116	1.0319103002548218
129	1.0338691473007202
