step	loss
15	1.3918936252593994
31	0.6065768599510193
47	0.5421253442764282
