step	loss
1	4.365563869476318
3	4.030607223510742
5	3.750866651535034
7	3.4936883449554443
9	3.2335052490234375
11	2.9703404903411865
13	2.7162024974823
15	2.496030330657959
17	2.318897008895874
19	2.1709420680999756
21	2.04634428024292
23	1.9327468872070312
25	1.889681339263916
27	1.8109405040740967
29	1.7323570251464844
31	1.6779423952102661
33	1.6391863822937012
35	1.5774856805801392
37	1.5364480018615723
39	1.500728726387024
