step	loss
12	3.0808827877044678
25	1.5435038805007935
38	1.3538949489593506
51	1.2819314002990723
64	1.2239421606063843
77	1.1813410520553589
90	1.1510931253433228
103	1.1328325271606445
116	1.1216857433319092
129	1.113929033279419
