step	loss
39	0.808372437953949
79	0.32271480560302734
