step	loss
15	1.6736044883728027
31	0.6228448748588562
