step	acc
49	0.01949983276426792
99	0.04399663954973221
149	0.05368039757013321
199	0.06966070830821991
249	0.07318121939897537
299	0.07894707471132278
