step	acc
49	0.9251246452331543
99	0.924184262752533
149	0.9303997755050659
199	0.9292534589767456
249	0.9314402937889099
299	0.9322583079338074
349	0.9334657788276672
