step	acc
49	0.9351462125778198
99	0.9413394927978516
149	0.9441940188407898
199	0.9411057829856873
249	0.9473268389701843
299	0.9481392502784729
349	0.9496806263923645
399	0.9507378339767456
449	0.9515669345855713
