step	train/step/acc
49	0.9365763068199158
99	0.94264155626297
