step	train/step/acc
49	0.9382845759391785
99	0.9430533051490784
149	0.9451622366905212
