step	acc
49	0.9351462125778198
99	0.9413394927978516
149	0.9441940188407898
199	0.9411057829856873
249	0.9473268389701843
