step	acc
49	0.02054491825401783
99	0.025292808189988136
149	0.040753934532403946
199	0.0504738949239254
249	0.05471670255064964
299	0.06444712728261948
