step	acc
49	0.09442685544490814
99	0.09608867019414902
149	0.12255264818668365
199	0.12607595324516296
249	0.13447070121765137
299	0.15741248428821564
349	0.16580066084861755
399	0.16679608821868896
449	0.18471218645572662
499	0.18109361827373505
549	0.21762841939926147
599	0.228957399725914
649	0.18931378424167633
699	0.21882274746894836
749	0.1938159167766571
799	0.22937221825122833
849	0.22148793935775757
899	0.2152782380580902
949	0.23452363908290863
958	0.21957680583000183
