step	acc
49	0.9164941906929016
99	0.9185864329338074
149	0.9266158938407898
199	0.9257367253303528
249	0.9299935698509216
299	0.932007908821106
349	0.9329593777656555
