step	acc
49	0.01620091125369072
99	0.011908866465091705
149	0.012987012974917889
199	0.012517789378762245
249	0.0125589519739151
299	0.012423805892467499
