step	acc
49	0.9383513331413269
99	0.9445779919624329
149	0.9465978741645813
199	0.946731448173523
249	0.9509826898574829
299	0.9496249556541443
