step	acc
49	0.07627032697200775
99	0.1001865416765213
