step	acc
49	0.07505903393030167
99	0.0878259539604187
