step	acc
49	0.011881777085363865
99	0.011850804090499878
