step	acc
49	0.02996066026389599
99	0.03964783623814583
