step	acc
49	0.0195713322609663
99	0.012476561591029167
149	0.013056824915111065
199	0.012978699989616871
249	0.013814535923302174
299	0.013837440870702267
