step	train/step/acc
49	0.936965823173523
99	0.9418179988861084
149	0.9441773295402527
199	0.9477831125259399
