step	acc
49	0.011855716817080975
99	0.014471364207565784
