step	acc
49	0.06029545143246651
99	0.06711141020059586
