step	acc
49	0.012820512987673283
99	0.01176421158015728
149	0.013838487677276134
