step	train/step/acc
49	0.9382845759391785
99	0.9430533051490784
149	0.9451622366905212
199	0.9417123198509216
249	0.9474937915802002
299	0.9483062028884888
349	0.9495915770530701
399	0.9506098628044128
449	0.9523070454597473
