step	train/step/acc
49	0.9365763068199158
99	0.94264155626297
149	0.9437878131866455
199	0.9407384991645813
249	0.94743812084198
299	0.9480947256088257
349	0.9492855072021484
399	0.9511106610298157
