step	acc
49	0.9317908883094788
99	0.9368378520011902
149	0.9394753575325012
199	0.9384348392486572
249	0.9426805377006531
299	0.9398927092552185
