step	acc
49	0.012141617015004158
99	0.011671686545014381
