step	acc
49	0.01659291423857212
99	0.047440193593502045
149	0.0516381561756134
199	0.05774945393204689
249	0.06283516436815262
299	0.06041613593697548
