step	acc
49	0.059040628373622894
99	0.0654975175857544
