step	acc
49	0.015500817447900772
99	0.016763122752308846
149	0.019843608140945435
199	0.019449744373559952
249	0.02042641118168831
299	0.02084033563733101
