step	acc
49	0.01829136721789837
99	0.0397433303296566
149	0.046315550804138184
199	0.047414716333150864
249	0.054872382432222366
299	0.062180373817682266
