step	acc
49	0.016111265867948532
99	0.01928865909576416
149	0.022246524691581726
199	0.02356026880443096
249	0.03990854322910309
299	0.04455713555216789
