step	acc
49	0.020573392510414124
99	0.04345453158020973
149	0.05160660296678543
199	0.06473445892333984
249	0.06578574329614639
299	0.06950174272060394
