step	acc
49	0.015006154775619507
99	0.031805239617824554
149	0.039651159197092056
199	0.04370217025279999
249	0.049677543342113495
299	0.05256395414471626
