step	acc
49	0.9318521022796631
99	0.9383124113082886
149	0.9413283467292786
199	0.9404268860816956
249	0.9447950124740601
299	0.9432814717292786
