step	acc
49	0.056869830936193466
99	0.03816355764865875
