step	acc
49	0.9138955473899841
99	0.9229211211204529
149	0.924011766910553
199	0.9210959672927856
249	0.9283409118652344
299	0.9256476759910583
