step	acc
49	0.9181467890739441
99	0.9253026843070984
149	0.9263599514961243
199	0.9295316934585571
249	0.9310563802719116
299	0.9329705238342285
349	0.9276397824287415
399	0.9297097325325012
449	0.9367654919624329
499	0.9309561848640442
549	0.93270343542099
599	0.9327701926231384
