step	acc
49	0.0757310688495636
99	0.10145999491214752
