step	acc
49	0.012327280826866627
99	0.011932422406971455
149	0.012987012974917889
199	0.012500000186264515
249	0.012500000186264515
299	0.012390266172587872
