step	acc
49	0.9357750415802002
99	0.9416455030441284
149	0.9449341297149658
199	0.9433538317680359
249	0.9479222297668457
299	0.9463474750518799
