step	acc
49	0.018048768863081932
99	0.01390086766332388
