step	acc
49	0.04855247959494591
99	0.056594327092170715
149	0.061201151460409164
199	0.06220046803355217
249	0.06605982035398483
299	0.0673336535692215
