step	acc
49	0.016198046505451202
99	0.030625279992818832
