step	acc
49	0.04303649440407753
99	0.046992622315883636
149	0.05121584236621857
199	0.055819422006607056
249	0.06556163728237152
299	0.06502900272607803
