step	acc
49	0.9344395399093628
99	0.9426193237304688
149	0.9452512860298157
199	0.9449730515480042
249	0.9495081305503845
299	0.9476885199546814
