step	acc
49	0.020712051540613174
99	0.03314567357301712
149	0.0451461598277092
199	0.06125953420996666
249	0.0670681744813919
299	0.07074516266584396
