step	acc
49	0.9351462125778198
99	0.9413394927978516
