step	acc
49	0.019934747368097305
99	0.03165007382631302
149	0.042517878115177155
199	0.04552024230360985
249	0.063819520175457
299	0.06921477615833282
