step	acc
49	0.017200589179992676
99	0.02762858010828495
149	0.03425378352403641
199	0.034591734409332275
249	0.046642716974020004
299	0.06420993059873581
