step	acc
49	0.014657525345683098
99	0.037669066339731216
149	0.039711423218250275
199	0.042686913162469864
249	0.04817706346511841
299	0.05455958843231201
