step	acc
49	0.017784668132662773
99	0.021218275651335716
149	0.028246670961380005
199	0.04963025450706482
249	0.0564657524228096
299	0.05884942412376404
