step	train/step/acc
49	0.936965823173523
99	0.9418179988861084
