step	acc
49	0.09437718987464905
99	0.10382367670536041
149	0.13289928436279297
199	0.15729761123657227
249	0.15464821457862854
299	0.1658622920513153
349	0.1843876987695694
399	0.19844727218151093
449	0.210623636841774
499	0.20158514380455017
549	0.1958191692829132
599	0.20891284942626953
649	0.21600577235221863
699	0.21460916101932526
749	0.21271413564682007
799	0.2455349564552307
849	0.23290857672691345
899	0.2634597420692444
945	0.2567550539970398
