step	loss
49	0.22707116603851318
99	0.2011348307132721
149	0.187236949801445
199	0.1971157342195511
249	0.17703352868556976
