step	loss
49	0.3531849980354309
99	0.3176429569721222
149	0.2883641719818115
199	0.26801595091819763
249	0.25667381286621094
299	0.26577669382095337
