step	loss
49	0.7998065948486328
99	0.5770407915115356
149	0.4789287745952606
199	0.4234902262687683
249	0.3880518078804016
299	0.39146071672439575
