step	loss
49	0.2241583913564682
99	0.19497543573379517
149	0.18406683206558228
199	0.1839175522327423
249	0.1680523008108139
299	0.17250582575798035
