step	loss
49	0.9916611313819885
99	0.9774793386459351
