step	loss
49	0.22707116603851318
99	0.2011348307132721
