step	loss
49	0.32414498925209045
99	0.2921314835548401
149	0.27183833718299866
199	0.25068363547325134
249	0.2504090666770935
299	0.2422293871641159
349	0.25539684295654297
399	0.24762237071990967
449	0.22679531574249268
499	0.2447914034128189
549	0.23461683094501495
599	0.23412112891674042
