step	train/step/loss
49	0.22191950678825378
99	0.19724449515342712
