step	loss
49	0.37027108669281006
99	0.34288913011550903
149	0.31464725732803345
199	0.2918311655521393
249	0.27617552876472473
299	0.28456681966781616
