step	loss
49	1.8220207691192627
99	1.1329150199890137
149	0.8359478116035461
199	0.681925892829895
249	0.5876185297966003
299	0.5536457300186157
