step	loss
49	0.36101117730140686
99	0.3312505781650543
149	0.3062860071659088
199	0.28669822216033936
249	0.2731626033782959
299	0.28048092126846313
