step	loss
49	0.2216484248638153
99	0.19797752797603607
149	0.18737727403640747
199	0.19123215973377228
249	0.17392456531524658
299	0.17913123965263367
