step	loss
49	0.4192291498184204
99	0.3925485610961914
149	0.3701840937137604
199	0.3579915761947632
249	0.348677396774292
299	0.339817076921463
