step	loss
49	0.34766456484794617
99	0.314103901386261
149	0.2821847200393677
199	0.26025456190109253
249	0.24906663596630096
299	0.2561894357204437
