step	loss
49	0.3469555079936981
99	0.3174798786640167
149	0.2899147868156433
199	0.27146580815315247
249	0.25989627838134766
299	0.2685367166996002
