step	loss
49	0.8337127566337585
99	0.7989820241928101
