step	loss
49	1.1855405569076538
99	1.1899340152740479
