step	loss
49	0.2437324821949005
99	0.21055705845355988
149	0.19408267736434937
199	0.1853102594614029
249	0.183334618806839
299	0.17868667840957642
349	0.1755109429359436
399	0.17018035054206848
449	0.16710884869098663
499	0.1598495990037918
549	0.16827282309532166
599	0.15509100258350372
649	0.1626356840133667
699	0.1557745784521103
749	0.1565275639295578
799	0.1576191782951355
849	0.15650075674057007
899	0.15880897641181946
945	0.15127328038215637
