step	loss
49	1.0471034049987793
99	1.0171602964401245
