step	train/step/loss
49	0.215728759765625
99	0.1944146454334259
