step	loss
49	0.22707116603851318
99	0.2011348307132721
149	0.187236949801445
199	0.1971157342195511
249	0.17703352868556976
299	0.17216964066028595
349	0.16450494527816772
399	0.16256022453308105
449	0.15796254575252533
499	0.15918348729610443
