step	loss
49	1.240808129310608
99	1.1804509162902832
