step	loss
49	1.0004615783691406
99	0.9856368899345398
