step	loss
49	2.165008068084717
99	1.2640234231948853
149	0.9002622961997986
199	0.7215055823326111
249	0.617112398147583
299	0.5764766931533813
