step	train/step/loss
49	0.21968670189380646
99	0.1961813122034073
149	0.1880744844675064
199	0.19677771627902985
