step	loss
49	1.1941837072372437
99	1.1875734329223633
