step	loss
49	1.2244280576705933
99	1.092463731765747
