step	train/step/loss
49	0.21968670189380646
99	0.1961813122034073
