step	loss
49	0.6428773403167725
99	0.579301118850708
