step	loss
49	0.34498754143714905
99	0.301677405834198
149	0.29101887345314026
199	0.2684606611728668
249	0.2629190683364868
299	0.2518497109413147
