step	loss
49	0.42343631386756897
99	0.36989864706993103
149	0.3373672366142273
199	0.3151558041572571
249	0.2997225821018219
299	0.30507493019104004
