step	loss
49	1.0169938802719116
99	1.001529574394226
