step	loss
49	0.241700679063797
99	0.21503567695617676
149	0.20756417512893677
199	0.21076862514019012
249	0.19240547716617584
299	0.20214587450027466
