step	loss
49	0.9953057765960693
99	1.0036349296569824
