step	loss
49	0.28285306692123413
99	0.27130046486854553
149	0.24794267117977142
199	0.24959690868854523
249	0.23994551599025726
299	0.2360060214996338
349	0.2318972498178482
