step	loss
49	0.35641106963157654
99	0.3244558572769165
149	0.2955430746078491
199	0.2739129960536957
249	0.2627813220024109
299	0.27118900418281555
