step	loss
49	0.3218596279621124
99	0.29699084162712097
149	0.27726489305496216
199	0.2690568268299103
249	0.253390371799469
299	0.25079110264778137
