step	loss
49	0.6415302753448486
99	0.5810416340827942
