step	loss
49	0.7431902289390564
99	0.6717542409896851
