step	loss
49	0.2638728618621826
99	0.2497694045305252
149	0.23959152400493622
199	0.23525916039943695
249	0.22635270655155182
299	0.23239533603191376
