step	loss
49	1.0557676553726196
99	0.9639090895652771
