step	loss
49	0.3780035376548767
99	0.342293381690979
149	0.30975356698036194
199	0.2910611033439636
249	0.27763187885284424
299	0.2852732837200165
