step	loss
49	0.5708882808685303
99	0.44205936789512634
149	0.3882668912410736
199	0.3585120737552643
249	0.3404129445552826
299	0.34899917244911194
