step	loss
49	0.8710792660713196
99	0.817679226398468
