step	loss
49	0.3354843854904175
99	0.31338369846343994
149	0.2745242416858673
199	0.27181270718574524
249	0.2550700902938843
299	0.24690431356430054
349	0.23786334693431854
