step	loss
49	0.2383633852005005
99	0.2105800211429596
149	0.19947634637355804
199	0.2014162540435791
249	0.1823507696390152
299	0.18962709605693817
