step	loss
49	0.23401689529418945
99	0.21727052330970764
149	0.2013188898563385
199	0.1887882798910141
249	0.179970845580101
299	0.18924152851104736
349	0.18250331282615662
399	0.1674014925956726
449	0.168572336435318
499	0.16567666828632355
549	0.16740818321704865
599	0.16016994416713715
649	0.15516647696495056
699	0.15832184255123138
749	0.16132555902004242
799	0.15594404935836792
849	0.1525275856256485
899	0.1496729701757431
949	0.15141084790229797
958	0.15125736594200134
