step	loss
49	0.7614110708236694
99	0.8655946254730225
