step	loss
49	0.7356271743774414
99	0.702836275100708
