step	loss
49	0.3496444821357727
99	0.3337371051311493
149	0.30766794085502625
199	0.28919756412506104
249	0.27673593163490295
299	0.2827540338039398
