step	loss
49	0.33402174711227417
99	0.299041211605072
149	0.2866537868976593
199	0.2853911817073822
249	0.25623053312301636
299	0.26339051127433777
