step	train/step/loss
49	0.22191950678825378
99	0.19724449515342712
149	0.1843106895685196
199	0.17007704079151154
249	0.16079887747764587
252	0.15965646505355835
