step	loss
49	0.324890673160553
99	0.3043307960033417
149	0.28382712602615356
199	0.271170049905777
249	0.2553761303424835
299	0.25510451197624207
