step	loss
49	0.8957815766334534
99	0.7495381236076355
149	0.7074033617973328
