step	loss
49	0.9205994009971619
99	0.884785532951355
