step	loss
49	0.21307779848575592
99	0.1881062239408493
149	0.17863333225250244
199	0.17895051836967468
249	0.1614043265581131
299	0.16659653186798096
