step	loss
49	1.2522928714752197
99	1.1604338884353638
