step	loss
49	2.431792974472046
99	1.66398024559021
