step	loss
49	0.6500759124755859
99	0.5835819840431213
