step	train/step/loss
49	0.22191950678825378
99	0.19724449515342712
149	0.1843106895685196
199	0.17007704079151154
