step	loss
49	1.0668390989303589
99	1.007711410522461
