step	loss
49	1.2412941455841064
99	1.2403042316436768
