step	acc
7	0.010136856697499752
15	0.010780197568237782
23	0.013668924570083618
31	0.01574687473475933
