step	acc
15	0.011028912849724293
31	0.013801763765513897
