step	loss
7	2.165130138397217
15	0.7082561254501343
23	0.6441152095794678
31	0.5969148278236389
