step	loss
15	1.5181876420974731
31	0.6389755606651306
