{
    "train": {
        "step": {
            "loss": 0.187236949801445,
            "acc": 0.9441940188407898
        }
    },
    "epoch": 0,
    "step": 23,
    "val": {
        "step": {
            "loss": 0.187704935669899,
            "acc": 0.9444555640220642
        }
    }
}