{
    "val": {
        "loss": 1.3333985805511475,
        "acc": 0.011627906933426857
    },
    "epoch": 2,
    "step": 5,
    "train": {
        "epoch": {
            "loss": 1.3691613674163818,
            "acc": 0.011627906933426857
        }
    }
}
