{
    "val": {
        "loss": 1.0990686416625977,
        "acc": 0.011713434010744095
    },
    "epoch": 9,
    "step": 129,
    "train": {
        "epoch": {
            "loss": 1.0340611934661865,
            "acc": 0.011694351211190224
        },
        "step": {
            "loss": 1.007711410522461,
            "acc": 0.01167368609458208
        }
    }
}
