{
    "train": {
        "step": {
            "loss": 0.15965646505355835,
            "acc": 0.9510327577590942
        }
    },
    "epoch": 0,
    "step": 247,
    "val": {
        "step": {
            "loss": 0.17728403210639954,
            "acc": 0.9465811848640442
        }
    }
}