{
    "train": {
        "step": {
            "loss": 0.2011348307132721,
            "acc": 0.9413394927978516
        }
    },
    "epoch": 0,
    "step": 99
}