{
    "train": {
        "step": {
            "loss": 0.17216964066028595,
            "acc": 0.9481392502784729
        },
        "epoch": {
            "loss": 0.2677568197250366,
            "acc": 0.9290064573287964
        }
    },
    "epoch": 1,
    "step": 67,
    "val": {
        "step": {
            "loss": 0.16915662586688995,
            "acc": 0.9492521286010742
        },
        "epoch": {
            "loss": 0.19155141711235046,
            "acc": 0.94339519739151
        }
    }
}