{
    "val": {
        "loss": 0.5293112397193909,
        "acc": 0.8698655962944031
    },
    "epoch": 1,
    "step": 31,
    "train": {
        "epoch": {
            "loss": 0.5820144414901733,
            "acc": 0.8660699725151062
        }
    }
}