{
    "train": {
        "step": {
            "loss": 0.1843026727437973,
            "acc": 0.9451622366905212
        }
    },
    "epoch": 0,
    "step": 21,
    "val": {
        "step": {
            "loss": 0.1923084259033203,
            "acc": 0.9431034326553345
        }
    }
}