{
    "val": {
        "loss": 1.2110133171081543,
        "acc": 0.012460929341614246
    },
    "epoch": 9,
    "step": 129,
    "train": {
        "epoch": {
            "loss": 1.1893445253372192,
            "acc": 0.01300701405853033
        },
        "step": {
            "loss": 1.001529574394226,
            "acc": 0.011627906933426857
        }
    }
}
