{
    "val": {
        "loss": 1.244381308555603,
        "acc": 0.016810186207294464
    },
    "epoch": 9,
    "step": 19,
    "train": {
        "epoch": {
            "loss": 1.3386160135269165,
            "acc": 0.01624293252825737
        }
    }
}
