{
    "train": {
        "step": {
            "loss": 0.15965646505355835,
            "acc": 0.9510327577590942
        }
    },
    "epoch": 0,
    "step": 310,
    "val": {
        "step": {
            "loss": 0.16071560978889465,
            "acc": 0.9506766200065613
        }
    }
}