{
    "train": {
        "step": {
            "loss": 0.1880744844675064,
            "acc": 0.9437878131866455
        }
    },
    "epoch": 0,
    "step": 4,
    "val": {
        "step": {
            "loss": 0.18480266630649567,
            "acc": 0.9449953436851501
        }
    }
}