{
    "train": {
        "step": {
            "loss": 0.1880744844675064,
            "acc": 0.9437878131866455
        }
    },
    "epoch": 0,
    "step": 36,
    "val": {
        "step": {
            "loss": 0.19286015629768372,
            "acc": 0.942630410194397
        }
    }
}