{
    "train": {
        "step": {
            "loss": 0.1469729095697403,
            "acc": 0.9551727175712585
        },
        "epoch": {
            "loss": 0.15604451298713684,
            "acc": 0.9524567127227783
        }
    },
    "epoch": 4,
    "step": 173,
    "val": {
        "step": {
            "loss": 0.1511419713497162,
            "acc": 0.9537649154663086
        },
        "epoch": {
            "loss": 0.15666703879833221,
            "acc": 0.9520983695983887
        }
    }
}