{
    "train": {
        "step": {
            "loss": 0.15965646505355835,
            "acc": 0.9510327577590942
        }
    },
    "epoch": 0,
    "step": 204,
    "val": {
        "step": {
            "loss": 0.16528306901454926,
            "acc": 0.9501869678497314
        }
    }
}