{
    "val": {
        "loss": 0.594999372959137,
        "acc": 0.013133146800100803
    },
    "epoch": 1,
    "step": 31,
    "train": {
        "epoch": {
            "loss": 0.6310396194458008,
            "acc": 0.012329721823334694
        }
    }
}
