{
    "val": {
        "loss": 1.564491868019104,
        "acc": 0.016622237861156464
    },
    "epoch": 4,
    "step": 9,
    "train": {
        "epoch": {
            "loss": 1.7819186449050903,
            "acc": 0.0148210683837533
        }
    }
}
