{
    "train": {
        "step": {
            "loss": 0.1444990634918213,
            "acc": 0.9561576247215271
        },
        "epoch": {
            "loss": 0.15474410355091095,
            "acc": 0.9527802467346191
        }
    },
    "epoch": 4,
    "step": 649,
    "val": {
        "step": {
            "loss": 0.16663724184036255,
            "acc": 0.9499644041061401
        },
        "epoch": {
            "loss": 0.15566134452819824,
            "acc": 0.9524748921394348
        }
    }
}