{
    "train": {
        "loss": 1.2249605655670166,
        "accuracy": 0.7317245602607727
    },
    "eval": {
        "loss": 1.1150562763214111,
        "accuracy": 0.7081864476203918
    },
    "step": 0
}