{
    "train": {
        "step": {
            "loss": 0.15965646505355835,
            "acc": 0.9510327577590942
        }
    },
    "epoch": 0,
    "step": 108,
    "val": {
        "step": {
            "loss": 0.1839347630739212,
            "acc": 0.9452902674674988
        }
    }
}