{
    "train": {
        "step": {
            "loss": 0.15965646505355835,
            "acc": 0.9510327577590942
        }
    },
    "epoch": 0,
    "step": 93,
    "val": {
        "step": {
            "loss": 0.18495415151119232,
            "acc": 0.944756031036377
        }
    }
}