{
    "train": {
        "step": {
            "loss": 0.15965646505355835,
            "acc": 0.9510327577590942
        }
    },
    "epoch": 0,
    "step": 157,
    "val": {
        "step": {
            "loss": 0.1723855882883072,
            "acc": 0.9474714994430542
        }
    }
}