{
    "val": {
        "loss": 1.5892956256866455,
        "acc": 0.011627906933426857
    },
    "epoch": 1,
    "step": 3,
    "train": {
        "epoch": {
            "loss": 2.3825881481170654,
            "acc": 0.011627906933426857
        }
    }
}
