{
    "train": {
        "step": {
            "loss": 0.215728759765625,
            "acc": 0.9382845759391785
        }
    },
    "epoch": 0,
    "step": 49
}