{
    "train": {
        "step": {
            "loss": 0.15965646505355835,
            "acc": 0.9510327577590942
        }
    },
    "epoch": 0,
    "step": 208,
    "val": {
        "step": {
            "loss": 0.16206450760364532,
            "acc": 0.9521456360816956
        }
    }
}