{
    "train": {
        "step": {
            "loss": 0.15965646505355835,
            "acc": 0.9510327577590942
        }
    },
    "epoch": 0,
    "step": 239,
    "val": {
        "step": {
            "loss": 0.17069515585899353,
            "acc": 0.9484508633613586
        }
    }
}