{
    "val": {
        "step": {
            "loss": 0.666373074054718,
            "acc": 0.8267933130264282
        }
    },
    "step": 1
}