{
    "train": {
        "step": {
            "loss": 0.15965646505355835,
            "acc": 0.9510327577590942
        }
    },
    "epoch": 0,
    "step": 66,
    "val": {
        "step": {
            "loss": 0.16589297354221344,
            "acc": 0.9491186141967773
        }
    }
}