{
    "train": {
        "step": {
            "loss": 0.1880744844675064,
            "acc": 0.9437878131866455
        }
    },
    "epoch": 0,
    "step": 16,
    "val": {
        "step": {
            "loss": 0.18725699186325073,
            "acc": 0.9442051649093628
        }
    }
}