{
    "train": {
        "step": {
            "loss": 0.15965646505355835,
            "acc": 0.9510327577590942
        }
    },
    "epoch": 0,
    "step": 218,
    "val": {
        "step": {
            "loss": 0.16474339365959167,
            "acc": 0.9497863054275513
        }
    }
}