{
    "val_loss": 0.30525097250938416,
    "val_acc": 0.031988903880119324,
    "epoch": 1,
    "step": 79,
    "train": {
        "epoch": {
            "loss": 0.32271480560302734,
            "acc": 0.024921564385294914
        },
        "step": {
            "loss": 0.32522299885749817,
            "acc": 0.024197474122047424
        }
    }
}