{
    "train": {
        "step": {
            "loss": 0.1843026727437973,
            "acc": 0.9451622366905212
        }
    },
    "epoch": 0,
    "step": 12,
    "val": {
        "step": {
            "loss": 0.19437864422798157,
            "acc": 0.9429976940155029
        }
    }
}