{
    "train": {
        "step": {
            "loss": 0.14981336891651154,
            "acc": 0.9542935490608215
        },
        "epoch": {
            "loss": 0.14908480644226074,
            "acc": 0.9541792869567871
        }
    },
    "epoch": 5,
    "step": 220,
    "val": {
        "step": {
            "loss": 0.13954713940620422,
            "acc": 0.9568642973899841
        },
        "epoch": {
            "loss": 0.14819888770580292,
            "acc": 0.9544824361801147
        }
    }
}