{
    "train": {
        "step": {
            "loss": 0.15965646505355835,
            "acc": 0.9510327577590942
        }
    },
    "epoch": 0,
    "step": 186,
    "val": {
        "step": {
            "loss": 0.1583179384469986,
            "acc": 0.951878547668457
        }
    }
}