{
    "train": {
        "step": {
            "loss": 0.15965646505355835,
            "acc": 0.9510327577590942
        }
    },
    "epoch": 0,
    "step": 175,
    "val": {
        "step": {
            "loss": 0.16438831388950348,
            "acc": 0.9524127244949341
        }
    }
}