{
    "train": {
        "step": {
            "loss": 0.15965646505355835,
            "acc": 0.9510327577590942
        }
    },
    "epoch": 0,
    "step": 275,
    "val": {
        "step": {
            "loss": 0.16664136946201324,
            "acc": 0.9482727646827698
        }
    }
}