{
    "val": {
        "step": {
            "loss": 0.6415176391601562,
            "acc": 0.8327922224998474
        }
    },
    "step": 0
}