{
    "train": {
        "step": {
            "loss": 0.15965646505355835,
            "acc": 0.9510327577590942
        }
    },
    "epoch": 0,
    "step": 56,
    "val": {
        "step": {
            "loss": 0.16399680078029633,
            "acc": 0.9509437084197998
        }
    }
}