{
    "train": {
        "step": {
            "loss": 0.15965646505355835,
            "acc": 0.9510327577590942
        }
    },
    "epoch": 0,
    "step": 182,
    "val": {
        "step": {
            "loss": 0.1396695375442505,
            "acc": 0.956508219242096
        }
    }
}