{
    "train": {
        "step": {
            "loss": 0.15965646505355835,
            "acc": 0.9510327577590942
        }
    },
    "epoch": 0,
    "step": 78,
    "val": {
        "step": {
            "loss": 0.16379469633102417,
            "acc": 0.9510772824287415
        }
    }
}