{
    "train": {
        "step": {
            "loss": 0.15965646505355835,
            "acc": 0.9510327577590942
        }
    },
    "epoch": 0,
    "step": 58,
    "val": {
        "step": {
            "loss": 0.1672043353319168,
            "acc": 0.9496973156929016
        }
    }
}