{
    "step": 1,
    "val": {
        "loss": 2.1433069705963135,
        "acc": 0.014287017285823822
    },
    "epoch": 1,
    "train": {
        "epoch": {
            "loss": 2.9440176486968994,
            "acc": 0.016178324818611145
        }
    }
}
