{
    "train": {
        "step": {
            "loss": 0.339817076921463,
            "acc": 0.06041613593697548
        },
        "epoch": {
            "loss": 0.37553900480270386,
            "acc": 0.05965546891093254
        }
    },
    "epoch": 1,
    "step": 313,
    "val": {
        "loss": 0.33998289704322815,
        "acc": 0.06382737308740616
    }
}
