{
    "train": {
        "step": {
            "loss": 0.1880744844675064,
            "acc": 0.9437878131866455
        }
    },
    "epoch": 0,
    "step": 26,
    "val": {
        "step": {
            "loss": 0.18528307974338531,
            "acc": 0.9444166421890259
        }
    }
}