{
    "train": {
        "step": {
            "loss": 0.15965646505355835,
            "acc": 0.9510327577590942
        }
    },
    "epoch": 0,
    "step": 153,
    "val": {
        "step": {
            "loss": 0.1646188199520111,
            "acc": 0.9494302272796631
        }
    }
}