{
    "val": {
        "step": {
            "loss": 0.5470041632652283,
            "acc": 0.844853401184082
        },
        "epoch": {
            "loss": 0.5699554085731506,
            "acc": 0.8392857313156128
        }
    },
    "step": 9,
    "epoch": 1,
    "train": {
        "epoch": {
            "loss": 0.6080261468887329,
            "acc": 0.8326379656791687
        }
    }
}