{
    "train": {
        "step": {
            "loss": 0.1843026727437973,
            "acc": 0.9451622366905212
        }
    },
    "epoch": 0,
    "step": 32,
    "val": {
        "step": {
            "loss": 0.1889440417289734,
            "acc": 0.9437210559844971
        }
    }
}