{
    "train": {
        "step": {
            "loss": 0.15965646505355835,
            "acc": 0.9510327577590942
        }
    },
    "epoch": 0,
    "step": 99,
    "val": {
        "step": {
            "loss": 0.16737163066864014,
            "acc": 0.9488959908485413
        }
    }
}