{
    "train": {
        "step": {
            "loss": 0.15965646505355835,
            "acc": 0.9510327577590942
        }
    },
    "epoch": 0,
    "step": 309,
    "val": {
        "step": {
            "loss": 0.15707194805145264,
            "acc": 0.9532140493392944
        }
    }
}