{
    "train": {
        "step": {
            "loss": 0.187236949801445,
            "acc": 0.9441940188407898
        }
    },
    "epoch": 0,
    "step": 20,
    "val": {
        "step": {
            "loss": 0.18308503925800323,
            "acc": 0.9458299875259399
        }
    }
}