{
    "train": {
        "step": {
            "loss": 0.15965646505355835,
            "acc": 0.9510327577590942
        }
    },
    "epoch": 0,
    "step": 35,
    "val": {
        "step": {
            "loss": 0.14805097877979279,
            "acc": 0.9564191699028015
        }
    }
}