{
    "train": {
        "step": {
            "loss": 0.15965646505355835,
            "acc": 0.9510327577590942
        }
    },
    "epoch": 0,
    "step": 278,
    "val": {
        "step": {
            "loss": 0.16686587035655975,
            "acc": 0.9510772824287415
        }
    }
}