{
    "train": {
        "step": {
            "loss": 0.15965646505355835,
            "acc": 0.9510327577590942
        }
    },
    "epoch": 0,
    "step": 141,
    "val": {
        "step": {
            "loss": 0.16068966686725616,
            "acc": 0.9511218070983887
        }
    }
}