{
    "train": {
        "step": {
            "loss": 0.15965646505355835,
            "acc": 0.9510327577590942
        }
    },
    "epoch": 0,
    "step": 89,
    "val": {
        "step": {
            "loss": 0.15916059911251068,
            "acc": 0.9502760171890259
        }
    }
}