{
    "train": {
        "step": {
            "loss": 0.1880744844675064,
            "acc": 0.9437878131866455
        }
    },
    "epoch": 0,
    "step": 22,
    "val": {
        "step": {
            "loss": 0.1872003674507141,
            "acc": 0.9441439509391785
        }
    }
}