{
    "val": {
        "loss": 1.183479905128479,
        "acc": 0.011627906933426857
    },
    "epoch": 4,
    "step": 9,
    "train": {
        "epoch": {
            "loss": 1.1481016874313354,
            "acc": 0.011820628307759762
        }
    }
}
