{
    "train": {
        "step": {
            "loss": 0.1880744844675064,
            "acc": 0.9437878131866455
        }
    },
    "epoch": 0,
    "step": 2,
    "val": {
        "step": {
            "loss": 0.19222109019756317,
            "acc": 0.9429587125778198
        }
    }
}