{
    "train": {
        "step": {
            "loss": 0.187236949801445,
            "acc": 0.9441940188407898
        }
    },
    "epoch": 0,
    "step": 3,
    "val": {
        "step": {
            "loss": 0.1916428953409195,
            "acc": 0.9435763955116272
        }
    }
}