{
    "val": {
        "step": {
            "loss": 0.6703755855560303,
            "acc": 0.826362133026123
        }
    },
    "step": 2
}