{
    "train": {
        "step": {
            "loss": 0.1880744844675064,
            "acc": 0.9437878131866455
        }
    },
    "epoch": 0,
    "step": 31,
    "val": {
        "step": {
            "loss": 0.19259509444236755,
            "acc": 0.9423689246177673
        }
    }
}