{
    "train": {
        "step": {
            "loss": 0.15965646505355835,
            "acc": 0.9510327577590942
        }
    },
    "epoch": 0,
    "step": 180,
    "val": {
        "step": {
            "loss": 0.17175503075122833,
            "acc": 0.9473824501037598
        }
    }
}