{
    "train": {
        "step": {
            "loss": 0.1843026727437973,
            "acc": 0.9451622366905212
        }
    },
    "epoch": 0,
    "step": 38,
    "val": {
        "step": {
            "loss": 0.19355840981006622,
            "acc": 0.9425247311592102
        }
    }
}