{
    "train": {
        "step": {
            "loss": 0.15965646505355835,
            "acc": 0.9510327577590942
        }
    },
    "epoch": 0,
    "step": 130,
    "val": {
        "step": {
            "loss": 0.16269861161708832,
            "acc": 0.9506320953369141
        }
    }
}