{
    "train": {
        "step": {
            "loss": 0.1843026727437973,
            "acc": 0.9451622366905212
        }
    },
    "epoch": 0,
    "step": 29,
    "val": {
        "step": {
            "loss": 0.19123654067516327,
            "acc": 0.9434150457382202
        }
    }
}