{
    "train": {
        "step": {
            "loss": 0.15796254575252533,
            "acc": 0.9515669345855713
        },
        "epoch": {
            "loss": 0.17943960428237915,
            "acc": 0.9464649558067322
        }
    },
    "epoch": 2,
    "step": 108,
    "val": {
        "step": {
            "loss": 0.1581316590309143,
            "acc": 0.9519509077072144
        },
        "epoch": {
            "loss": 0.17095120251178741,
            "acc": 0.9485845565795898
        }
    }
}