{
    "train": {
        "step": {
            "loss": 0.15965646505355835,
            "acc": 0.9510327577590942
        }
    },
    "epoch": 0,
    "step": 163,
    "val": {
        "step": {
            "loss": 0.15001191198825836,
            "acc": 0.9537482261657715
        }
    }
}