{
    "val": {
        "loss": 0.6289433836936951,
        "acc": 0.10201356559991837
    },
    "epoch": 9,
    "step": 129,
    "train": {
        "epoch": {
            "loss": 0.5918363928794861,
            "acc": 0.09977627545595169
        },
        "step": {
            "loss": 0.579301118850708,
            "acc": 0.10145999491214752
        }
    }
}