{
    "train": {
        "step": {
            "loss": 0.17333614826202393,
            "acc": 0.9480947256088257
        },
        "epoch": {
            "loss": 0.2607693076133728,
            "acc": 0.9302210807800293
        }
    },
    "epoch": 1,
    "step": 78,
    "val": {
        "step": {
            "loss": 0.17507781088352203,
            "acc": 0.9472433924674988
        },
        "epoch": {
            "loss": 0.18991215527057648,
            "acc": 0.943344235420227
        }
    }
}