{
    "train": {
        "step": {
            "loss": 0.1880744844675064,
            "acc": 0.9437878131866455
        }
    },
    "epoch": 0,
    "step": 28,
    "val": {
        "step": {
            "loss": 0.1881895512342453,
            "acc": 0.9436376094818115
        }
    }
}