{
    "val": {
        "loss": 1.1774367094039917,
        "acc": 0.011627907864749432
    },
    "epoch": 9,
    "step": 129,
    "train": {
        "epoch": {
            "loss": 1.113929033279419,
            "acc": 0.011627906933426857
        },
        "step": {
            "loss": 1.092463731765747,
            "acc": 0.011627906933426857
        }
    }
}
