{
    "train": {
        "step": {
            "loss": 0.15965646505355835,
            "acc": 0.9510327577590942
        }
    },
    "epoch": 0,
    "step": 245,
    "val": {
        "step": {
            "loss": 0.16706451773643494,
            "acc": 0.9494746923446655
        }
    }
}