{
    "train": {
        "step": {
            "loss": 0.1712220311164856,
            "acc": 0.9483062028884888
        },
        "epoch": {
            "loss": 0.2620619237422943,
            "acc": 0.9308069348335266
        }
    },
    "epoch": 1,
    "step": 77,
    "val": {
        "step": {
            "loss": 0.17480893433094025,
            "acc": 0.9468427300453186
        },
        "epoch": {
            "loss": 0.1879773736000061,
            "acc": 0.9442734122276306
        }
    }
}