{
    "val": {
        "loss": 1.6175923347473145,
        "acc": 0.011694544926285744
    },
    "epoch": 1,
    "step": 3,
    "train": {
        "epoch": {
            "loss": 4.100198745727539,
            "acc": 0.014967355877161026
        }
    }
}
