{
    "train": {
        "step": {
            "loss": 0.15965646505355835,
            "acc": 0.9510327577590942
        }
    },
    "epoch": 0,
    "step": 187,
    "val": {
        "step": {
            "loss": 0.1500997245311737,
            "acc": 0.9552172422409058
        }
    }
}