{
    "train": {
        "step": {
            "loss": 0.15965646505355835,
            "acc": 0.9510327577590942
        }
    },
    "epoch": 0,
    "step": 4,
    "val": {
        "step": {
            "loss": 0.1553240418434143,
            "acc": 0.9516559839248657
        }
    }
}