{
    "train": {
        "step": {
            "loss": 0.1880744844675064,
            "acc": 0.9437878131866455
        }
    },
    "epoch": 0,
    "step": 5,
    "val": {
        "step": {
            "loss": 0.19088928401470184,
            "acc": 0.9432926177978516
        }
    }
}