{
    "train": {
        "step": {
            "loss": 0.15965646505355835,
            "acc": 0.9510327577590942
        }
    },
    "epoch": 0,
    "step": 111,
    "val": {
        "step": {
            "loss": 0.1633738875389099,
            "acc": 0.9517005085945129
        }
    }
}