{
    "train": {
        "step": {
            "loss": 0.2685367166996002,
            "acc": 0.07074516266584396
        },
        "epoch": {
            "loss": 0.2719919681549072,
            "acc": 0.06506165117025375
        }
    },
    "epoch": 1,
    "step": 313,
    "val": {
        "loss": 0.25943392515182495,
        "acc": 0.07430622726678848
    }
}
