{
    "train": {
        "step": {
            "loss": 0.15965646505355835,
            "acc": 0.9510327577590942
        }
    },
    "epoch": 0,
    "step": 102,
    "val": {
        "step": {
            "loss": 0.1602015197277069,
            "acc": 0.9518340229988098
        }
    }
}