{
    "train": {
        "step": {
            "loss": 0.15965646505355835,
            "acc": 0.9510327577590942
        }
    },
    "epoch": 0,
    "step": 203,
    "val": {
        "step": {
            "loss": 0.1742200255393982,
            "acc": 0.9477385878562927
        }
    }
}