{
    "train": {
        "step": {
            "loss": 0.15965646505355835,
            "acc": 0.9510327577590942
        }
    },
    "epoch": 0,
    "step": 261,
    "val": {
        "step": {
            "loss": 0.17775844037532806,
            "acc": 0.9468927979469299
        }
    }
}