{
    "val": {
        "loss": 1.0646679401397705,
        "acc": 0.011627907864749432
    },
    "epoch": 9,
    "step": 129,
    "train": {
        "epoch": {
            "loss": 1.0056685209274292,
            "acc": 0.011627906933426857
        },
        "step": {
            "loss": 0.9774793386459351,
            "acc": 0.011627906933426857
        }
    }
}
