{
    "train": {
        "step": {
            "loss": 0.187236949801445,
            "acc": 0.9441940188407898
        }
    },
    "epoch": 0,
    "step": 12,
    "val": {
        "step": {
            "loss": 0.19821371138095856,
            "acc": 0.9417123198509216
        }
    }
}