{
    "train": {
        "step": {
            "loss": 0.15965646505355835,
            "acc": 0.9510327577590942
        }
    },
    "epoch": 0,
    "step": 154,
    "val": {
        "step": {
            "loss": 0.16070036590099335,
            "acc": 0.95134437084198
        }
    }
}