{
    "train": {
        "step": {
            "loss": 0.1843026727437973,
            "acc": 0.9451622366905212
        }
    },
    "epoch": 0,
    "step": 3,
    "val": {
        "step": {
            "loss": 0.18777503073215485,
            "acc": 0.9442719221115112
        }
    }
}