{
    "train": {
        "step": {
            "loss": 0.15965646505355835,
            "acc": 0.9510327577590942
        }
    },
    "epoch": 0,
    "step": 279,
    "val": {
        "step": {
            "loss": 0.14247550070285797,
            "acc": 0.9558849930763245
        }
    }
}