{
    "train": {
        "step": {
            "loss": 0.26577669382095337,
            "acc": 0.06950174272060394
        },
        "epoch": {
            "loss": 0.26869142055511475,
            "acc": 0.06485369801521301
        }
    },
    "epoch": 1,
    "step": 313,
    "val": {
        "loss": 0.25775814056396484,
        "acc": 0.06948429346084595
    }
}
