{
    "val": {
        "step": {
            "loss": 0.6703062653541565,
            "acc": 0.8247733116149902
        },
        "epoch": {
            "loss": 0.6619471907615662,
            "acc": 0.827750027179718
        }
    },
    "step": 15,
    "epoch": 0,
    "train": {
        "epoch": {
            "loss": 1.122913122177124,
            "acc": 0.7546461820602417
        }
    }
}