{
    "train": {
        "step": {
            "loss": 0.15965646505355835,
            "acc": 0.9510327577590942
        }
    },
    "epoch": 0,
    "step": 262,
    "val": {
        "step": {
            "loss": 0.15509763360023499,
            "acc": 0.9520566463470459
        }
    }
}