{
    "train": {
        "step": {
            "loss": 0.15965646505355835,
            "acc": 0.9510327577590942
        }
    },
    "epoch": 0,
    "step": 257,
    "val": {
        "step": {
            "loss": 0.15801632404327393,
            "acc": 0.9511663317680359
        }
    }
}