{
    "train": {
        "step": {
            "loss": 0.15965646505355835,
            "acc": 0.9510327577590942
        }
    },
    "epoch": 0,
    "step": 115,
    "val": {
        "step": {
            "loss": 0.1549370437860489,
            "acc": 0.9520121216773987
        }
    }
}