{
    "train": {
        "step": {
            "loss": 0.19258666038513184,
            "acc": 0.9417123198509216
        },
        "epoch": {
            "loss": 0.2620619237422943,
            "acc": 0.9308069348335266
        }
    },
    "epoch": 1,
    "step": 199,
    "val": {
        "step": {
            "loss": 0.19705821573734283,
            "acc": 0.942307710647583
        },
        "epoch": {
            "loss": 0.1879773736000061,
            "acc": 0.9442734122276306
        }
    }
}