{
    "train": {
        "step": {
            "loss": 0.187236949801445,
            "acc": 0.9441940188407898
        }
    },
    "epoch": 0,
    "step": 5,
    "val": {
        "step": {
            "loss": 0.19192950427532196,
            "acc": 0.9428919553756714
        }
    }
}