{
    "train": {
        "step": {
            "loss": 0.1843026727437973,
            "acc": 0.9451622366905212
        }
    },
    "epoch": 0,
    "step": 6,
    "val": {
        "step": {
            "loss": 0.18578636646270752,
            "acc": 0.9448061585426331
        }
    }
}