{
    "train": {
        "step": {
            "loss": 0.15965646505355835,
            "acc": 0.9510327577590942
        }
    },
    "epoch": 0,
    "step": 11,
    "val": {
        "step": {
            "loss": 0.16465255618095398,
            "acc": 0.9508547186851501
        }
    }
}