{
    "train": {
        "step": {
            "loss": 0.15965646505355835,
            "acc": 0.9510327577590942
        }
    },
    "epoch": 0,
    "step": 307,
    "val": {
        "step": {
            "loss": 0.17763549089431763,
            "acc": 0.9467592835426331
        }
    }
}