{
    "train": {
        "step": {
            "loss": 0.15965646505355835,
            "acc": 0.9510327577590942
        }
    },
    "epoch": 0,
    "step": 65,
    "val": {
        "step": {
            "loss": 0.16527222096920013,
            "acc": 0.9500089287757874
        }
    }
}