{
    "train": {
        "step": {
            "loss": 0.15965646505355835,
            "acc": 0.9510327577590942
        }
    },
    "epoch": 0,
    "step": 200,
    "val": {
        "step": {
            "loss": 0.15796434879302979,
            "acc": 0.950988233089447
        }
    }
}