{
    "train": {
        "step": {
            "loss": 0.15965646505355835,
            "acc": 0.9510327577590942
        }
    },
    "epoch": 0,
    "step": 76,
    "val": {
        "step": {
            "loss": 0.1520230770111084,
            "acc": 0.9542378783226013
        }
    }
}