{
    "train": {
        "step": {
            "loss": 0.21968670189380646,
            "acc": 0.9365763068199158
        }
    },
    "epoch": 0,
    "step": 49
}