{
    "train": {
        "step": {
            "loss": 0.2518497109413147,
            "acc": 0.06502900272607803
        },
        "epoch": {
            "loss": 0.2706744968891144,
            "acc": 0.061327796429395676
        }
    },
    "epoch": 1,
    "step": 313,
    "val": {
        "loss": 0.2579474449157715,
        "acc": 0.0738440454006195
    }
}
