{
    "train": {
        "step": {
            "loss": 0.187236949801445,
            "acc": 0.9441940188407898
        }
    },
    "epoch": 0,
    "step": 30,
    "val": {
        "step": {
            "loss": 0.19877761602401733,
            "acc": 0.9416900277137756
        }
    }
}