{
    "train": {
        "step": {
            "loss": 0.25079110264778137,
            "acc": 0.05455958843231201
        },
        "epoch": {
            "loss": 0.25813838839530945,
            "acc": 0.04829256981611252
        }
    },
    "epoch": 1,
    "step": 313,
    "val_loss": 0.24384868144989014,
    "val_acc": 0.05590236932039261
}