{
    "train": {
        "step": {
            "loss": 0.1843026727437973,
            "acc": 0.9451622366905212
        }
    },
    "epoch": 0,
    "step": 8,
    "val": {
        "step": {
            "loss": 0.18658030033111572,
            "acc": 0.9446503520011902
        }
    }
}