{
    "train": {
        "step": {
            "loss": 0.15965646505355835,
            "acc": 0.9510327577590942
        }
    },
    "epoch": 0,
    "step": 169,
    "val": {
        "step": {
            "loss": 0.15713386237621307,
            "acc": 0.9530804753303528
        }
    }
}