{
    "train": {
        "step": {
            "loss": 0.22707116603851318,
            "acc": 0.9351462125778198
        }
    },
    "epoch": 0,
    "step": 49
}