{
    "val": {
        "step": {
            "loss": 0.5039311051368713,
            "acc": 0.8553673028945923
        },
        "epoch": {
            "loss": 0.5410171151161194,
            "acc": 0.8460195064544678
        }
    },
    "step": 12,
    "epoch": 3,
    "train": {
        "epoch": {
            "loss": 0.5514765381813049,
            "acc": 0.8437508344650269
        },
        "step": {
            "loss": 0.5197206139564514,
            "acc": 0.8519810438156128
        }
    }
}