{
    "train": {
        "step": {
            "loss": 0.15965646505355835,
            "acc": 0.9510327577590942
        }
    },
    "epoch": 0,
    "step": 72,
    "val": {
        "step": {
            "loss": 0.1557394564151764,
            "acc": 0.9533475637435913
        }
    }
}