{
    "train": {
        "step": {
            "loss": 0.1843106895685196,
            "acc": 0.9441773295402527
        }
    },
    "epoch": 0,
    "step": 149
}