{
    "train": {
        "step": {
            "loss": 0.15965646505355835,
            "acc": 0.9510327577590942
        },
        "epoch": {
            "loss": 0.26901182532310486,
            "acc": 0.9353666305541992
        }
    },
    "epoch": 0,
    "step": 252,
    "val": {
        "step": {
            "loss": 0.17294125258922577,
            "acc": 0.9478276371955872
        },
        "epoch": {
            "loss": 0.16320934891700745,
            "acc": 0.9505510926246643
        }
    }
}