{
    "val": {
        "loss": 0.7708860635757446,
        "acc": 0.0637858584523201
    },
    "epoch": 9,
    "step": 129,
    "train": {
        "epoch": {
            "loss": 0.7290635108947754,
            "acc": 0.06526070833206177
        },
        "step": {
            "loss": 0.702836275100708,
            "acc": 0.0654975175857544
        }
    }
}
