{
    "val": {
        "loss": 0.48508933186531067,
        "acc": 0.8841255307197571
    },
    "epoch": 3,
    "step": 49,
    "train": {
        "epoch": {
            "loss": 0.5421253442764282,
            "acc": 0.869807243347168
        },
        "step": {
            "loss": 0.49268054962158203,
            "acc": 0.8758690357208252
        }
    }
}