{
    "train": {
        "step": {
            "loss": 0.187236949801445,
            "acc": 0.9441940188407898
        }
    },
    "epoch": 0,
    "step": 15,
    "val": {
        "step": {
            "loss": 0.19343197345733643,
            "acc": 0.942802906036377
        }
    }
}