{
    "train": {
        "step": {
            "loss": 0.15965646505355835,
            "acc": 0.9510327577590942
        }
    },
    "epoch": 0,
    "step": 276,
    "val": {
        "step": {
            "loss": 0.15851490199565887,
            "acc": 0.9516114592552185
        }
    }
}