{
    "train": {
        "step": {
            "loss": 0.15965646505355835,
            "acc": 0.9510327577590942
        }
    },
    "epoch": 0,
    "step": 220,
    "val": {
        "step": {
            "loss": 0.16115742921829224,
            "acc": 0.9512553215026855
        }
    }
}