{
    "train": {
        "step": {
            "loss": 0.1843026727437973,
            "acc": 0.9451622366905212
        }
    },
    "epoch": 0,
    "step": 35,
    "val": {
        "step": {
            "loss": 0.19004443287849426,
            "acc": 0.9438880085945129
        }
    }
}