{
    "train": {
        "step": {
            "loss": 0.1760847568511963,
            "acc": 0.94743812084198
        },
        "epoch": {
            "loss": 0.2607693076133728,
            "acc": 0.9302210807800293
        }
    },
    "epoch": 1,
    "step": 249,
    "val": {
        "step": {
            "loss": 0.19808557629585266,
            "acc": 0.9400818943977356
        },
        "epoch": {
            "loss": 0.18991215527057648,
            "acc": 0.943344235420227
        }
    }
}