{
    "val": {
        "loss": 1.3392724990844727,
        "acc": 0.011627907864749432
    },
    "epoch": 9,
    "step": 129,
    "train": {
        "epoch": {
            "loss": 1.2745511531829834,
            "acc": 0.011627906933426857
        },
        "step": {
            "loss": 1.2403042316436768,
            "acc": 0.011627906933426857
        }
    }
}
