{
    "train": {
        "step": {
            "loss": 0.1880744844675064,
            "acc": 0.9437878131866455
        }
    },
    "epoch": 0,
    "step": 13,
    "val": {
        "step": {
            "loss": 0.19289791584014893,
            "acc": 0.9426693916320801
        }
    }
}