{
    "train": {
        "step": {
            "loss": 0.15965646505355835,
            "acc": 0.9510327577590942
        }
    },
    "epoch": 0,
    "step": 181,
    "val": {
        "step": {
            "loss": 0.15741464495658875,
            "acc": 0.9525462985038757
        }
    }
}