{
    "train": {
        "step": {
            "loss": 0.15965646505355835,
            "acc": 0.9510327577590942
        }
    },
    "epoch": 0,
    "step": 132,
    "val": {
        "step": {
            "loss": 0.174956813454628,
            "acc": 0.9469373226165771
        }
    }
}