{
    "train": {
        "step": {
            "loss": 0.15965646505355835,
            "acc": 0.9510327577590942
        }
    },
    "epoch": 0,
    "step": 297,
    "val": {
        "step": {
            "loss": 0.17163674533367157,
            "acc": 0.9483618140220642
        }
    }
}