{
    "train": {
        "step": {
            "loss": 0.26339051127433777,
            "acc": 0.9256476759910583
        },
        "epoch": {
            "loss": 0.2669884264469147,
            "acc": 0.9260538816452026
        }
    },
    "epoch": 1,
    "step": 313,
    "val": {
        "loss": 0.252374529838562,
        "acc": 0.9288985133171082
    }
}