{
    "train": {
        "step": {
            "loss": 0.1843026727437973,
            "acc": 0.9451622366905212
        }
    },
    "epoch": 0,
    "step": 13,
    "val": {
        "step": {
            "loss": 0.1910320669412613,
            "acc": 0.9434038996696472
        }
    }
}