{
    "train": {
        "step": {
            "loss": 0.15965646505355835,
            "acc": 0.9510327577590942
        }
    },
    "epoch": 0,
    "step": 52,
    "val": {
        "step": {
            "loss": 0.14472384750843048,
            "acc": 0.9557068943977356
        }
    }
}