{
    "train": {
        "step": {
            "loss": 0.1880744844675064,
            "acc": 0.9437878131866455
        }
    },
    "epoch": 0,
    "step": 38,
    "val": {
        "step": {
            "loss": 0.1954403966665268,
            "acc": 0.9414841532707214
        }
    }
}