{
    "val": {
        "step": {
            "loss": 0.5786099433898926,
            "acc": 0.8370605707168579
        },
        "epoch": {
            "loss": 0.5699554085731506,
            "acc": 0.8392857313156128
        }
    },
    "step": 31,
    "epoch": 1,
    "train": {
        "epoch": {
            "loss": 0.6080261468887329,
            "acc": 0.8326379656791687
        }
    }
}