{
    "train": {
        "step": {
            "loss": 0.15965646505355835,
            "acc": 0.9510327577590942
        }
    },
    "epoch": 0,
    "step": 168,
    "val": {
        "step": {
            "loss": 0.1695181429386139,
            "acc": 0.9492966532707214
        }
    }
}