{
    "train": {
        "step": {
            "loss": 0.15965646505355835,
            "acc": 0.9510327577590942
        }
    },
    "epoch": 0,
    "step": 12,
    "val": {
        "step": {
            "loss": 0.1467275172472,
            "acc": 0.9547720551490784
        }
    }
}