{
    "train": {
        "step": {
            "loss": 0.15965646505355835,
            "acc": 0.9510327577590942
        }
    },
    "epoch": 0,
    "step": 255,
    "val": {
        "step": {
            "loss": 0.17210401594638824,
            "acc": 0.9473379850387573
        }
    }
}