{
    "val": {
        "loss": 0.49453169107437134,
        "acc": 0.8653945922851562
    },
    "epoch": 1,
    "step": 31,
    "train": {
        "epoch": {
            "loss": 0.5141140818595886,
            "acc": 0.8614822626113892
        }
    }
}