{
    "train": {
        "step": {
            "loss": 0.15965646505355835,
            "acc": 0.9510327577590942
        }
    },
    "epoch": 0,
    "step": 17,
    "val": {
        "step": {
            "loss": 0.163583904504776,
            "acc": 0.950097918510437
        }
    }
}