{
    "train": {
        "step": {
            "loss": 0.15965646505355835,
            "acc": 0.9510327577590942
        }
    },
    "epoch": 0,
    "step": 29,
    "val": {
        "step": {
            "loss": 0.17124655842781067,
            "acc": 0.9469373226165771
        }
    }
}