{
    "train": {
        "step": {
            "loss": 0.1880744844675064,
            "acc": 0.9437878131866455
        }
    },
    "epoch": 0,
    "step": 12,
    "val": {
        "step": {
            "loss": 0.19680501520633698,
            "acc": 0.941929280757904
        }
    }
}