{
    "train": {
        "step": {
            "loss": 0.1880744844675064,
            "acc": 0.9437878131866455
        }
    },
    "epoch": 0,
    "step": 29,
    "val": {
        "step": {
            "loss": 0.19290217757225037,
            "acc": 0.9427250027656555
        }
    }
}