{
    "val": {
        "loss": 1.791856288909912,
        "acc": 0.019092630594968796
    },
    "epoch": 1,
    "step": 3,
    "train": {
        "epoch": {
            "loss": 2.624910354614258,
            "acc": 0.018623163923621178
        }
    }
}
