{
    "train": {
        "step": {
            "loss": 0.1843026727437973,
            "acc": 0.9451622366905212
        }
    },
    "epoch": 0,
    "step": 1,
    "val": {
        "step": {
            "loss": 0.18422456085681915,
            "acc": 0.9453347325325012
        }
    }
}