{
    "train": {
        "step": {
            "loss": 0.187236949801445,
            "acc": 0.9441940188407898
        },
        "epoch": {
            "loss": 0.2677568197250366,
            "acc": 0.9290064573287964
        }
    },
    "epoch": 0,
    "step": 156,
    "val": {
        "step": {
            "loss": 0.20067720115184784,
            "acc": 0.9416844844818115
        },
        "epoch": {
            "loss": 0.19155141711235046,
            "acc": 0.94339519739151
        }
    }
}