{
    "train": {
        "step": {
            "loss": 0.15965646505355835,
            "acc": 0.9510327577590942
        }
    },
    "epoch": 0,
    "step": 285,
    "val": {
        "step": {
            "loss": 0.1556260734796524,
            "acc": 0.9530359506607056
        }
    }
}