{
    "train": {
        "step": {
            "loss": 0.15965646505355835,
            "acc": 0.9510327577590942
        }
    },
    "epoch": 0,
    "step": 225,
    "val": {
        "step": {
            "loss": 0.1636514663696289,
            "acc": 0.9500533938407898
        }
    }
}