{
    "train": {
        "step": {
            "loss": 0.15870116651058197,
            "acc": 0.9523070454597473
        },
        "epoch": {
            "loss": 0.1769905984401703,
            "acc": 0.9470386505126953
        }
    },
    "epoch": 2,
    "step": 112,
    "val": {
        "step": {
            "loss": 0.16037842631340027,
            "acc": 0.951160728931427
        },
        "epoch": {
            "loss": 0.17073097825050354,
            "acc": 0.9484953880310059
        }
    }
}