{
    "train": {
        "step": {
            "loss": 0.15164519846439362,
            "acc": 0.953492283821106
        },
        "epoch": {
            "loss": 0.14791077375411987,
            "acc": 0.9548811316490173
        }
    },
    "epoch": 5,
    "step": 216,
    "val": {
        "step": {
            "loss": 0.14529691636562347,
            "acc": 0.9552227854728699
        },
        "epoch": {
            "loss": 0.15006494522094727,
            "acc": 0.9540064334869385
        }
    }
}