{
    "train": {
        "step": {
            "loss": 0.187236949801445,
            "acc": 0.9441940188407898
        }
    },
    "epoch": 0,
    "step": 26,
    "val": {
        "step": {
            "loss": 0.1869335174560547,
            "acc": 0.9443665146827698
        }
    }
}