{
    "train": {
        "step": {
            "loss": 0.23786334693431854,
            "acc": 0.9329593777656555
        },
        "epoch": {
            "loss": 0.2431308627128601,
            "acc": 0.931515634059906
        }
    },
    "epoch": 4,
    "step": 394,
    "val": {
        "loss": 0.24108049273490906,
        "acc": 0.9313435554504395
    }
}