{
    "train": {
        "step": {
            "loss": 0.2561894357204437,
            "acc": 0.07894707471132278
        },
        "epoch": {
            "loss": 0.2606085240840912,
            "acc": 0.07219880074262619
        }
    },
    "epoch": 1,
    "step": 313,
    "val": {
        "loss": 0.2480974793434143,
        "acc": 0.08137932419776917
    }
}
