{
    "train": {
        "step": {
            "loss": 0.15965646505355835,
            "acc": 0.9510327577590942
        }
    },
    "epoch": 0,
    "step": 118,
    "val": {
        "step": {
            "loss": 0.17228299379348755,
            "acc": 0.9472934603691101
        }
    }
}