{
    "train": {
        "step": {
            "loss": 0.14738228917121887,
            "acc": 0.9546218514442444
        },
        "epoch": {
            "loss": 0.154662624001503,
            "acc": 0.952704668045044
        }
    },
    "epoch": 4,
    "step": 649,
    "val": {
        "step": {
            "loss": 0.16613027453422546,
            "acc": 0.9504095315933228
        },
        "epoch": {
            "loss": 0.15471050143241882,
            "acc": 0.9525091648101807
        }
    }
}