{
    "train": {
        "step": {
            "loss": 0.15965646505355835,
            "acc": 0.9510327577590942
        }
    },
    "epoch": 0,
    "step": 246,
    "val": {
        "step": {
            "loss": 0.16968002915382385,
            "acc": 0.9479612112045288
        }
    }
}