{
    "train": {
        "step": {
            "loss": 0.14762531220912933,
            "acc": 0.23080527782440186
        },
        "epoch": {
            "loss": 0.14830222725868225,
            "acc": 0.2522057294845581
        }
    },
    "epoch": 9,
    "step": 1504,
    "val": {
        "loss": 0.14832937717437744,
        "acc": 0.2539016008377075
    }
}
