{
    "train": {
        "step": {
            "loss": 0.187236949801445,
            "acc": 0.9441940188407898
        }
    },
    "epoch": 0,
    "step": 11,
    "val": {
        "step": {
            "loss": 0.19184640049934387,
            "acc": 0.9433927536010742
        }
    }
}