{
    "train": {
        "step": {
            "loss": 0.1843026727437973,
            "acc": 0.9451622366905212
        }
    },
    "epoch": 0,
    "step": 26,
    "val": {
        "step": {
            "loss": 0.18330377340316772,
            "acc": 0.9451121687889099
        }
    }
}