{
    "train": {
        "step": {
            "loss": 0.1880744844675064,
            "acc": 0.9437878131866455
        }
    },
    "epoch": 0,
    "step": 14,
    "val": {
        "step": {
            "loss": 0.18808665871620178,
            "acc": 0.9436097741127014
        }
    }
}