{
    "train": {
        "step": {
            "loss": 0.1843026727437973,
            "acc": 0.9451622366905212
        }
    },
    "epoch": 0,
    "step": 16,
    "val": {
        "step": {
            "loss": 0.1853339970111847,
            "acc": 0.9449953436851501
        }
    }
}