{
    "train": {
        "step": {
            "loss": 0.1843026727437973,
            "acc": 0.9451622366905212
        }
    },
    "epoch": 0,
    "step": 17,
    "val": {
        "step": {
            "loss": 0.18397904932498932,
            "acc": 0.945473849773407
        }
    }
}