{
    "train": {
        "step": {
            "loss": 0.25510451197624207,
            "acc": 0.05256395414471626
        },
        "epoch": {
            "loss": 0.2608402967453003,
            "acc": 0.04801909253001213
        }
    },
    "epoch": 1,
    "step": 313,
    "val_loss": 0.2477440983057022,
    "val_acc": 0.05429329723119736
}