{
    "val": {
        "loss": 0.15498268604278564,
        "acc": 0.2524751126766205
    },
    "epoch": 47,
    "step": 945,
    "train": {
        "epoch": {
            "loss": 0.1535327434539795,
            "acc": 0.24951164424419403
        },
        "step": {
            "loss": 0.15127328038215637,
            "acc": 0.2567550539970398
        }
    }
}
