{
    "train": {
        "step": {
            "loss": 0.16659653186798096,
            "acc": 0.9496249556541443
        },
        "epoch": {
            "loss": 0.1677028238773346,
            "acc": 0.949500322341919
        }
    },
    "epoch": 1,
    "step": 313,
    "val": {
        "loss": 0.16108712553977966,
        "acc": 0.9506419897079468
    }
}