{
    "val": {
        "loss": 0.7874104380607605,
        "acc": 0.06294729560613632
    },
    "epoch": 9,
    "step": 129,
    "train": {
        "epoch": {
            "loss": 0.7435308694839478,
            "acc": 0.06422292441129684
        },
        "step": {
            "loss": 0.8655946254730225,
            "acc": 0.03816355764865875
        }
    }
}
