{
    "step": 1,
    "val": {
        "loss": 2.6610422134399414,
        "acc": 0.01904718577861786
    },
    "epoch": 1,
    "train": {
        "epoch": {
            "loss": 3.72979736328125,
            "acc": 0.024091342464089394
        }
    }
}
