{
    "train": {
        "step": {
            "loss": 0.1843026727437973,
            "acc": 0.9451622366905212
        }
    },
    "epoch": 0,
    "step": 34,
    "val": {
        "step": {
            "loss": 0.18718169629573822,
            "acc": 0.9444555640220642
        }
    }
}