{
    "train": {
        "step": {
            "loss": 0.15965646505355835,
            "acc": 0.9510327577590942
        }
    },
    "epoch": 0,
    "step": 197,
    "val": {
        "step": {
            "loss": 0.16378185153007507,
            "acc": 0.9514334201812744
        }
    }
}