{
    "train": {
        "step": {
            "loss": 0.1843026727437973,
            "acc": 0.9451622366905212
        }
    },
    "epoch": 0,
    "step": 22,
    "val": {
        "step": {
            "loss": 0.18486154079437256,
            "acc": 0.9454460740089417
        }
    }
}