{
    "train": {
        "step": {
            "loss": 0.20214587450027466,
            "acc": 0.9398927092552185
        },
        "epoch": {
            "loss": 0.19899915158748627,
            "acc": 0.9411877989768982
        }
    },
    "epoch": 1,
    "step": 313,
    "val": {
        "loss": 0.19179667532444,
        "acc": 0.9430616497993469
    }
}