{
    "train": {
        "step": {
            "loss": 0.15965646505355835,
            "acc": 0.9510327577590942
        }
    },
    "epoch": 0,
    "step": 288,
    "val": {
        "step": {
            "loss": 0.16647019982337952,
            "acc": 0.9493411779403687
        }
    }
}