{
    "train": {
        "step": {
            "loss": 0.34899917244911194,
            "acc": 0.02084033563733101
        },
        "epoch": {
            "loss": 0.35701265931129456,
            "acc": 0.020457111299037933
        }
    },
    "epoch": 1,
    "step": 313,
    "val": {
        "loss": 0.33560052514076233,
        "acc": 0.02402331307530403
    }
}
