{
    "train": {
        "step": {
            "loss": 0.15965646505355835,
            "acc": 0.9510327577590942
        }
    },
    "epoch": 0,
    "step": 22,
    "val": {
        "step": {
            "loss": 0.174457848072052,
            "acc": 0.9480502009391785
        }
    }
}