{
    "train": {
        "step": {
            "loss": 0.15965646505355835,
            "acc": 0.9510327577590942
        }
    },
    "epoch": 0,
    "step": 227,
    "val": {
        "step": {
            "loss": 0.1639343500137329,
            "acc": 0.9500089287757874
        }
    }
}