{
    "train": {
        "step": {
            "loss": 0.23412112891674042,
            "acc": 0.9327701926231384
        },
        "epoch": {
            "loss": 0.23454760015010834,
            "acc": 0.933311402797699
        }
    },
    "epoch": 1,
    "step": 625,
    "val": {
        "loss": 0.22717119753360748,
        "acc": 0.9345605373382568
    }
}