{
    "train": {
        "step": {
            "loss": 0.187236949801445,
            "acc": 0.9441940188407898
        }
    },
    "epoch": 0,
    "step": 27,
    "val": {
        "step": {
            "loss": 0.18972565233707428,
            "acc": 0.9439325332641602
        }
    }
}