{
    "train": {
        "step": {
            "loss": 0.15965646505355835,
            "acc": 0.9510327577590942
        }
    },
    "epoch": 0,
    "step": 20,
    "val": {
        "step": {
            "loss": 0.16802804172039032,
            "acc": 0.9484953880310059
        }
    }
}