{
    "val": {
        "loss": 0.6300681233406067,
        "acc": 0.10224907100200653
    },
    "epoch": 9,
    "step": 129,
    "train": {
        "epoch": {
            "loss": 0.5854349732398987,
            "acc": 0.10528530180454254
        },
        "step": {
            "loss": 0.5835819840431213,
            "acc": 0.1001865416765213
        }
    }
}
