{
    "train": {
        "step": {
            "loss": 0.187236949801445,
            "acc": 0.9441940188407898
        }
    },
    "epoch": 0,
    "step": 36,
    "val": {
        "step": {
            "loss": 0.19474995136260986,
            "acc": 0.9421629905700684
        }
    }
}