{
    "val": {
        "loss": 1.569941759109497,
        "acc": 0.014645597897469997
    },
    "epoch": 4,
    "step": 9,
    "train": {
        "epoch": {
            "loss": 1.7599459886550903,
            "acc": 0.0128330634906888
        }
    }
}
