{
    "train": {
        "step": {
            "loss": 0.17216964066028595,
            "acc": 0.9481392502784729
        },
        "epoch": {
            "loss": 0.2677568197250366,
            "acc": 0.9290064573287964
        }
    },
    "epoch": 1,
    "step": 299,
    "val": {
        "step": {
            "loss": 0.20067720115184784,
            "acc": 0.9416844844818115
        },
        "epoch": {
            "loss": 0.19155141711235046,
            "acc": 0.94339519739151
        }
    }
}