{
    "train": {
        "step": {
            "loss": 0.15965646505355835,
            "acc": 0.9510327577590942
        }
    },
    "epoch": 0,
    "step": 273,
    "val": {
        "step": {
            "loss": 0.1770625114440918,
            "acc": 0.9457353949546814
        }
    }
}