{
    "val": {
        "loss": 1.366549015045166,
        "acc": 0.012773633934557438
    },
    "epoch": 2,
    "step": 5,
    "train": {
        "epoch": {
            "loss": 1.5712203979492188,
            "acc": 0.013805839233100414
        }
    }
}
