{
    "train": {
        "step": {
            "loss": 0.15965646505355835,
            "acc": 0.9510327577590942
        }
    },
    "epoch": 0,
    "step": 80,
    "val": {
        "step": {
            "loss": 0.1669262796640396,
            "acc": 0.9496973156929016
        }
    }
}