{
    "train": {
        "step": {
            "loss": 0.16079887747764587,
            "acc": 0.9512107968330383
        }
    },
    "epoch": 0,
    "step": 249
}