{
    "train": {
        "step": {
            "loss": 0.15965646505355835,
            "acc": 0.9510327577590942
        }
    },
    "epoch": 0,
    "step": 183,
    "val": {
        "step": {
            "loss": 0.18100722134113312,
            "acc": 0.9450231194496155
        }
    }
}