{
    "train": {
        "step": {
            "loss": 0.39146071672439575,
            "acc": 0.012390266172587872
        },
        "epoch": {
            "loss": 0.4133581519126892,
            "acc": 0.012560630217194557
        }
    },
    "epoch": 1,
    "step": 313,
    "val": {
        "loss": 0.3752386271953583,
        "acc": 0.012618748471140862
    }
}
