{
    "train": {
        "step": {
            "loss": 0.1880744844675064,
            "acc": 0.9437878131866455
        }
    },
    "epoch": 0,
    "step": 20,
    "val": {
        "step": {
            "loss": 0.18231242895126343,
            "acc": 0.9455795884132385
        }
    }
}