{
    "train": {
        "step": {
            "loss": 0.15965646505355835,
            "acc": 0.9510327577590942
        }
    },
    "epoch": 0,
    "step": 147,
    "val": {
        "step": {
            "loss": 0.17015910148620605,
            "acc": 0.9494746923446655
        }
    }
}