{
    "val": {
        "loss": 0.6839841604232788,
        "acc": 0.01470289845019579
    },
    "epoch": 9,
    "step": 159,
    "train": {
        "epoch": {
            "loss": 0.6881032586097717,
            "acc": 0.01480439305305481
        },
        "step": {
            "loss": 0.7074033617973328,
            "acc": 0.013838487677276134
        }
    }
}
