{
    "train": {
        "step": {
            "loss": 0.1492924988269806,
            "acc": 0.9543380737304688
        },
        "epoch": {
            "loss": 0.1644577831029892,
            "acc": 0.9502416849136353
        }
    },
    "epoch": 3,
    "step": 130,
    "val": {
        "step": {
            "loss": 0.15596653521060944,
            "acc": 0.9529970288276672
        },
        "epoch": {
            "loss": 0.15976333618164062,
            "acc": 0.9512543082237244
        }
    }
}