{
    "val": {
        "loss": 2.783358573913574,
        "acc": 0.016273051500320435
    },
    "epoch": 4,
    "step": 9,
    "train": {
        "epoch": {
            "loss": 3.04371976852417,
            "acc": 0.015842104330658913
        }
    }
}
