{
    "train": {
        "step": {
            "loss": 0.15965646505355835,
            "acc": 0.9510327577590942
        }
    },
    "epoch": 0,
    "step": 188,
    "val": {
        "step": {
            "loss": 0.15472657978534698,
            "acc": 0.9528133869171143
        }
    }
}