{
    "train": {
        "step": {
            "loss": 0.15965646505355835,
            "acc": 0.9510327577590942
        }
    },
    "epoch": 0,
    "step": 41,
    "val": {
        "step": {
            "loss": 0.16279283165931702,
            "acc": 0.9505876302719116
        }
    }
}