{
    "train": {
        "step": {
            "loss": 0.15965646505355835,
            "acc": 0.9510327577590942
        }
    },
    "epoch": 0,
    "step": 117,
    "val": {
        "step": {
            "loss": 0.17331062257289886,
            "acc": 0.9482727646827698
        }
    }
}