{
    "train": {
        "step": {
            "loss": 0.15965646505355835,
            "acc": 0.9510327577590942
        }
    },
    "epoch": 0,
    "step": 162,
    "val": {
        "step": {
            "loss": 0.1598287671804428,
            "acc": 0.9513888955116272
        }
    }
}