{
    "val": {
        "loss": 2.654296875,
        "acc": 0.012510824017226696
    },
    "epoch": 1,
    "step": 31,
    "train": {
        "epoch": {
            "loss": 2.9806571006774902,
            "acc": 0.012684199027717113
        }
    }
}
