{
    "val": {
        "loss": 1.426754355430603,
        "acc": 0.013540009036660194
    },
    "epoch": 2,
    "step": 5,
    "train": {
        "epoch": {
            "loss": 1.9009819030761719,
            "acc": 0.0150559451431036
        }
    }
}
