{
    "train": {
        "step": {
            "loss": 0.15965646505355835,
            "acc": 0.9510327577590942
        }
    },
    "epoch": 0,
    "step": 272,
    "val": {
        "step": {
            "loss": 0.15384379029273987,
            "acc": 0.952768862247467
        }
    }
}