{
    "train": {
        "step": {
            "loss": 0.15965646505355835,
            "acc": 0.9510327577590942
        }
    },
    "epoch": 0,
    "step": 134,
    "val": {
        "step": {
            "loss": 0.15907923877239227,
            "acc": 0.9509437084197998
        }
    }
}