{
    "train": {
        "step": {
            "loss": 0.15965646505355835,
            "acc": 0.9510327577590942
        }
    },
    "epoch": 0,
    "step": 267,
    "val": {
        "step": {
            "loss": 0.14694981276988983,
            "acc": 0.9555733799934387
        }
    }
}