{
    "train": {
        "step": {
            "loss": 0.15965646505355835,
            "acc": 0.9510327577590942
        }
    },
    "epoch": 0,
    "step": 44,
    "val": {
        "step": {
            "loss": 0.17073576152324677,
            "acc": 0.9490740895271301
        }
    }
}