{
    "train": {
        "step": {
            "loss": 0.1712220311164856,
            "acc": 0.9483062028884888
        },
        "epoch": {
            "loss": 0.2620619237422943,
            "acc": 0.9308069348335266
        }
    },
    "epoch": 1,
    "step": 313,
    "val": {
        "step": {
            "loss": 0.1815401315689087,
            "acc": 0.945868968963623
        },
        "epoch": {
            "loss": 0.17073097825050354,
            "acc": 0.9484953880310059
        }
    }
}