{
    "train": {
        "step": {
            "loss": 0.187236949801445,
            "acc": 0.9441940188407898
        }
    },
    "epoch": 0,
    "step": 18,
    "val": {
        "step": {
            "loss": 0.19423452019691467,
            "acc": 0.942457914352417
        }
    }
}