{
    "train": {
        "step": {
            "loss": 0.15965646505355835,
            "acc": 0.9510327577590942
        }
    },
    "epoch": 0,
    "step": 129,
    "val": {
        "step": {
            "loss": 0.15592117607593536,
            "acc": 0.9523237347602844
        }
    }
}