{
    "train": {
        "step": {
            "loss": 0.1843026727437973,
            "acc": 0.9451622366905212
        }
    },
    "epoch": 0,
    "step": 5,
    "val": {
        "step": {
            "loss": 0.18844063580036163,
            "acc": 0.9435875415802002
        }
    }
}