{
    "train": {
        "step": {
            "loss": 0.15965646505355835,
            "acc": 0.9510327577590942
        }
    },
    "epoch": 0,
    "step": 258,
    "val": {
        "step": {
            "loss": 0.14783041179180145,
            "acc": 0.9551727175712585
        }
    }
}