{
    "train": {
        "step": {
            "loss": 0.15965646505355835,
            "acc": 0.9510327577590942
        }
    },
    "epoch": 0,
    "step": 33,
    "val": {
        "step": {
            "loss": 0.1536092460155487,
            "acc": 0.9531695246696472
        }
    }
}