{
    "train": {
        "step": {
            "loss": 0.1880744844675064,
            "acc": 0.9437878131866455
        }
    },
    "epoch": 0,
    "step": 30,
    "val": {
        "step": {
            "loss": 0.19713108241558075,
            "acc": 0.9415342211723328
        }
    }
}