{
    "train": {
        "step": {
            "loss": 0.1880744844675064,
            "acc": 0.9437878131866455
        }
    },
    "epoch": 0,
    "step": 21,
    "val": {
        "step": {
            "loss": 0.19452834129333496,
            "acc": 0.9417902231216431
        }
    }
}