{
    "val": {
        "loss": 1.7237510681152344,
        "acc": 0.014084506779909134
    },
    "epoch": 1,
    "step": 3,
    "train": {
        "epoch": {
            "loss": 2.709216356277466,
            "acc": 0.013341710902750492
        }
    }
}
