{
    "train": {
        "step": {
            "loss": 0.15965646505355835,
            "acc": 0.9510327577590942
        }
    },
    "epoch": 0,
    "step": 24,
    "val": {
        "step": {
            "loss": 0.1670268476009369,
            "acc": 0.9499644041061401
        }
    }
}