{
    "train": {
        "step": {
            "loss": 0.1880744844675064,
            "acc": 0.9437878131866455
        }
    },
    "epoch": 0,
    "step": 37,
    "val": {
        "step": {
            "loss": 0.19371098279953003,
            "acc": 0.9421296119689941
        }
    }
}