{
    "train": {
        "step": {
            "loss": 0.1517723798751831,
            "acc": 0.9540653824806213
        },
        "epoch": {
            "loss": 0.16416238248348236,
            "acc": 0.9503753185272217
        }
    },
    "epoch": 3,
    "step": 142,
    "val": {
        "step": {
            "loss": 0.1541065275669098,
            "acc": 0.9529024362564087
        },
        "epoch": {
            "loss": 0.1599797159433365,
            "acc": 0.9513934850692749
        }
    }
}