{
    "train": {
        "step": {
            "loss": 0.15965646505355835,
            "acc": 0.9510327577590942
        }
    },
    "epoch": 0,
    "step": 305,
    "val": {
        "step": {
            "loss": 0.17612017691135406,
            "acc": 0.9457353949546814
        }
    }
}