{
    "train": {
        "step": {
            "loss": 0.15965646505355835,
            "acc": 0.9510327577590942
        }
    },
    "epoch": 0,
    "step": 190,
    "val": {
        "step": {
            "loss": 0.15163861215114594,
            "acc": 0.95401531457901
        }
    }
}