{
    "train": {
        "step": {
            "loss": 0.1843026727437973,
            "acc": 0.9451622366905212
        }
    },
    "epoch": 0,
    "step": 20,
    "val": {
        "step": {
            "loss": 0.1797325313091278,
            "acc": 0.946742594242096
        }
    }
}