{
    "train": {
        "step": {
            "loss": 0.1492924988269806,
            "acc": 0.9543380737304688
        },
        "epoch": {
            "loss": 0.15474410355091095,
            "acc": 0.9527802467346191
        }
    },
    "epoch": 3,
    "step": 627,
    "val": {
        "step": {
            "loss": 0.16663724184036255,
            "acc": 0.9499644041061401
        },
        "epoch": {
            "loss": 0.15566134452819824,
            "acc": 0.9524748921394348
        }
    }
}