{
    "train": {
        "step": {
            "loss": 0.1843026727437973,
            "acc": 0.9451622366905212
        }
    },
    "epoch": 0,
    "step": 18,
    "val": {
        "step": {
            "loss": 0.18995051085948944,
            "acc": 0.9433315396308899
        }
    }
}