{
    "train": {
        "step": {
            "loss": 0.1880744844675064,
            "acc": 0.9437878131866455
        }
    },
    "epoch": 0,
    "step": 3,
    "val": {
        "step": {
            "loss": 0.18938086926937103,
            "acc": 0.9433037042617798
        }
    }
}