{
    "train": {
        "step": {
            "loss": 0.16256022453308105,
            "acc": 0.9507378339767456
        },
        "epoch": {
            "loss": 0.17943960428237915,
            "acc": 0.9464649558067322
        }
    },
    "epoch": 2,
    "step": 399,
    "val": {
        "step": {
            "loss": 0.18053345382213593,
            "acc": 0.9450676441192627
        },
        "epoch": {
            "loss": 0.17095120251178741,
            "acc": 0.9485845565795898
        }
    }
}