{
    "train": {
        "step": {
            "loss": 0.15965646505355835,
            "acc": 0.9510327577590942
        }
    },
    "epoch": 0,
    "step": 249,
    "val": {
        "step": {
            "loss": 0.17388436198234558,
            "acc": 0.9481837749481201
        }
    }
}