{
    "train": {
        "step": {
            "loss": 0.15965646505355835,
            "acc": 0.9510327577590942
        }
    },
    "epoch": 0,
    "step": 48,
    "val": {
        "step": {
            "loss": 0.15964701771736145,
            "acc": 0.9505431056022644
        }
    }
}