{
    "train": {
        "step": {
            "loss": 0.15965646505355835,
            "acc": 0.9510327577590942
        }
    },
    "epoch": 0,
    "step": 196,
    "val": {
        "step": {
            "loss": 0.1595102995634079,
            "acc": 0.9498753547668457
        }
    }
}