{
    "train": {
        "step": {
            "loss": 0.15965646505355835,
            "acc": 0.9510327577590942
        }
    },
    "epoch": 0,
    "step": 59,
    "val": {
        "step": {
            "loss": 0.15094663202762604,
            "acc": 0.9553507566452026
        }
    }
}