{
    "train": {
        "step": {
            "loss": 0.15965646505355835,
            "acc": 0.9510327577590942
        }
    },
    "epoch": 0,
    "step": 146,
    "val": {
        "step": {
            "loss": 0.16575491428375244,
            "acc": 0.94956374168396
        }
    }
}