{
    "train": {
        "step": {
            "loss": 0.15965646505355835,
            "acc": 0.9510327577590942
        }
    },
    "epoch": 0,
    "step": 268,
    "val": {
        "step": {
            "loss": 0.16844986379146576,
            "acc": 0.9476940631866455
        }
    }
}