{
    "val": {
        "step": {
            "loss": 0.5466283559799194,
            "acc": 0.8439655900001526
        },
        "epoch": {
            "loss": 0.5699554085731506,
            "acc": 0.8392857313156128
        }
    },
    "step": 10,
    "epoch": 1,
    "train": {
        "epoch": {
            "loss": 0.6080261468887329,
            "acc": 0.8326379656791687
        }
    }
}