{
    "train": {
        "step": {
            "loss": 0.15965646505355835,
            "acc": 0.9510327577590942
        }
    },
    "epoch": 0,
    "step": 26,
    "val": {
        "step": {
            "loss": 0.16475054621696472,
            "acc": 0.9487624764442444
        }
    }
}