{
    "train": {
        "step": {
            "loss": 0.15965646505355835,
            "acc": 0.9510327577590942
        }
    },
    "epoch": 0,
    "step": 68,
    "val": {
        "step": {
            "loss": 0.16530238091945648,
            "acc": 0.9491186141967773
        }
    }
}