{
    "val": {
        "loss": 0.13521045446395874,
        "acc": 0.28782594203948975
    },
    "epoch": 602,
    "step": 24080,
    "train": {
        "epoch": {
            "loss": 0.13802292943000793,
            "acc": 0.2902052402496338
        },
        "step": {
            "loss": 0.13802292943000793,
            "acc": 0.2902052402496338
        }
    }
}
