{
    "train": {
        "step": {
            "loss": 0.15965646505355835,
            "acc": 0.9510327577590942
        }
    },
    "epoch": 0,
    "step": 103,
    "val": {
        "step": {
            "loss": 0.1880193054676056,
            "acc": 0.9437322020530701
        }
    }
}