{
    "train": {
        "step": {
            "loss": 0.15965646505355835,
            "acc": 0.9510327577590942
        }
    },
    "epoch": 0,
    "step": 199,
    "val": {
        "step": {
            "loss": 0.16602905094623566,
            "acc": 0.9481837749481201
        }
    }
}