{
    "train": {
        "step": {
            "loss": 0.1843026727437973,
            "acc": 0.9451622366905212
        }
    },
    "epoch": 0,
    "step": 27,
    "val": {
        "step": {
            "loss": 0.18577931821346283,
            "acc": 0.9450342655181885
        }
    }
}