{
    "train": {
        "step": {
            "loss": 0.15965646505355835,
            "acc": 0.9510327577590942
        }
    },
    "epoch": 0,
    "step": 256,
    "val": {
        "step": {
            "loss": 0.17754311859607697,
            "acc": 0.9454237818717957
        }
    }
}