{
    "val": {
        "loss": 1.152225136756897,
        "acc": 0.01317417249083519
    },
    "epoch": 9,
    "step": 129,
    "train": {
        "epoch": {
            "loss": 0.9464119076728821,
            "acc": 0.03827345743775368
        },
        "step": {
            "loss": 0.7989820241928101,
            "acc": 0.03964783623814583
        }
    }
}
