{
    "train": {
        "step": {
            "loss": 0.15965646505355835,
            "acc": 0.9510327577590942
        }
    },
    "epoch": 0,
    "step": 201,
    "val": {
        "step": {
            "loss": 0.13843075931072235,
            "acc": 0.9563301205635071
        }
    }
}