{
    "train": {
        "step": {
            "loss": 0.15965646505355835,
            "acc": 0.9510327577590942
        }
    },
    "epoch": 0,
    "step": 123,
    "val": {
        "step": {
            "loss": 0.14213918149471283,
            "acc": 0.9561966061592102
        }
    }
}