{
    "train": {
        "step": {
            "loss": 0.1880744844675064,
            "acc": 0.9437878131866455
        }
    },
    "epoch": 0,
    "step": 25,
    "val": {
        "step": {
            "loss": 0.1851482093334198,
            "acc": 0.945128858089447
        }
    }
}