{
    "val": {
        "loss": 1.1251170635223389,
        "acc": 0.011627260595560074
    },
    "epoch": 9,
    "step": 129,
    "train": {
        "epoch": {
            "loss": 1.0914885997772217,
            "acc": 0.012507234700024128
        },
        "step": {
            "loss": 1.0171602964401245,
            "acc": 0.014471364207565784
        }
    }
}
