{
    "train": {
        "step": {
            "loss": 0.1880744844675064,
            "acc": 0.9437878131866455
        }
    },
    "epoch": 0,
    "step": 23,
    "val": {
        "step": {
            "loss": 0.1857070028781891,
            "acc": 0.9442830681800842
        }
    }
}