{
    "train": {
        "step": {
            "loss": 0.15965646505355835,
            "acc": 0.9510327577590942
        }
    },
    "epoch": 0,
    "step": 290,
    "val": {
        "step": {
            "loss": 0.16185659170150757,
            "acc": 0.9507656693458557
        }
    }
}