{
    "train": {
        "step": {
            "loss": 0.1843026727437973,
            "acc": 0.9451622366905212
        },
        "epoch": {
            "loss": 0.2620619237422943,
            "acc": 0.9308069348335266
        }
    },
    "epoch": 0,
    "step": 156,
    "val": {
        "step": {
            "loss": 0.19705821573734283,
            "acc": 0.942307710647583
        },
        "epoch": {
            "loss": 0.1879773736000061,
            "acc": 0.9442734122276306
        }
    }
}