{
    "train": {
        "step": {
            "loss": 0.15965646505355835,
            "acc": 0.9510327577590942
        }
    },
    "epoch": 0,
    "step": 254,
    "val": {
        "step": {
            "loss": 0.1602824181318283,
            "acc": 0.9512998461723328
        }
    }
}