{
    "train": {
        "step": {
            "loss": 0.15965646505355835,
            "acc": 0.9510327577590942
        }
    },
    "epoch": 0,
    "step": 210,
    "val": {
        "step": {
            "loss": 0.1561158150434494,
            "acc": 0.9529024362564087
        }
    }
}