{
    "train": {
        "step": {
            "loss": 0.15965646505355835,
            "acc": 0.9510327577590942
        }
    },
    "epoch": 0,
    "step": 113,
    "val": {
        "step": {
            "loss": 0.15141290426254272,
            "acc": 0.9541043639183044
        }
    }
}