{
    "train": {
        "step": {
            "loss": 0.15965646505355835,
            "acc": 0.9510327577590942
        }
    },
    "epoch": 0,
    "step": 229,
    "val": {
        "step": {
            "loss": 0.1554006189107895,
            "acc": 0.9533920884132385
        }
    }
}