{
    "val": {
        "loss": 1.4725102186203003,
        "acc": 0.014527380466461182
    },
    "epoch": 19,
    "step": 39,
    "train": {
        "epoch": {
            "loss": 1.500728726387024,
            "acc": 0.012861671857535839
        }
    }
}
