{
    "val": {
        "loss": 2.247417449951172,
        "acc": 0.012684928253293037
    },
    "epoch": 0,
    "step": 1
}
