{
    "train": {
        "step": {
            "loss": 0.18962709605693817,
            "acc": 0.9432814717292786
        },
        "epoch": {
            "loss": 0.19003354012966156,
            "acc": 0.9433187246322632
        }
    },
    "epoch": 1,
    "step": 313,
    "val": {
        "loss": 0.17930413782596588,
        "acc": 0.9465157389640808
    }
}