{
    "train": {
        "step": {
            "loss": 0.15965646505355835,
            "acc": 0.9510327577590942
        }
    },
    "epoch": 0,
    "step": 32,
    "val": {
        "step": {
            "loss": 0.15117554366588593,
            "acc": 0.9544604420661926
        }
    }
}