{
    "train": {
        "step": {
            "loss": 0.15965646505355835,
            "acc": 0.9510327577590942
        }
    },
    "epoch": 0,
    "step": 217,
    "val": {
        "step": {
            "loss": 0.16615498065948486,
            "acc": 0.9485843777656555
        }
    }
}