{
    "train": {
        "step": {
            "loss": 0.1469729095697403,
            "acc": 0.9551727175712585
        },
        "epoch": {
            "loss": 0.15604451298713684,
            "acc": 0.9524567127227783
        }
    },
    "epoch": 4,
    "step": 707,
    "val": {
        "step": {
            "loss": 0.15790335834026337,
            "acc": 0.9515669345855713
        },
        "epoch": {
            "loss": 0.1481490582227707,
            "acc": 0.9548518657684326
        }
    }
}