{
    "train": {
        "step": {
            "loss": 0.15870116651058197,
            "acc": 0.9523070454597473
        },
        "epoch": {
            "loss": 0.16416238248348236,
            "acc": 0.9503753185272217
        }
    },
    "epoch": 2,
    "step": 470,
    "val": {
        "step": {
            "loss": 0.17045463621616364,
            "acc": 0.9486289024353027
        },
        "epoch": {
            "loss": 0.1599797159433365,
            "acc": 0.9513934850692749
        }
    }
}