{
    "train": {
        "step": {
            "loss": 0.187236949801445,
            "acc": 0.9441940188407898
        }
    },
    "epoch": 0,
    "step": 22,
    "val": {
        "step": {
            "loss": 0.18857745826244354,
            "acc": 0.9442942142486572
        }
    }
}