{
    "train": {
        "step": {
            "loss": 0.187236949801445,
            "acc": 0.9441940188407898
        }
    },
    "epoch": 0,
    "step": 34,
    "val": {
        "step": {
            "loss": 0.19089432060718536,
            "acc": 0.9438657164573669
        }
    }
}