{
    "train": {
        "step": {
            "loss": 0.15965646505355835,
            "acc": 0.9510327577590942
        }
    },
    "epoch": 0,
    "step": 70,
    "val": {
        "step": {
            "loss": 0.15930290520191193,
            "acc": 0.9507656693458557
        }
    }
}