{
    "val": {
        "loss": 0.5877860188484192,
        "acc": 0.01298012025654316
    },
    "epoch": 1,
    "step": 31,
    "train": {
        "epoch": {
            "loss": 0.618248701095581,
            "acc": 0.012927209958434105
        }
    }
}
