{
    "val": {
        "loss": 1.9285693168640137,
        "acc": 0.019730905070900917
    },
    "epoch": 4,
    "step": 9,
    "train": {
        "epoch": {
            "loss": 2.2901010513305664,
            "acc": 0.018150143325328827
        }
    }
}
