{
    "train": {
        "step": {
            "loss": 0.15965646505355835,
            "acc": 0.9510327577590942
        }
    },
    "epoch": 0,
    "step": 156,
    "val": {
        "step": {
            "loss": 0.17083890736103058,
            "acc": 0.9482282996177673
        }
    }
}