{
    "val": {
        "loss": 1.1338449716567993,
        "acc": 0.028100939467549324
    },
    "epoch": 9,
    "step": 129,
    "train": {
        "epoch": {
            "loss": 0.9214419722557068,
            "acc": 0.019822582602500916
        },
        "step": {
            "loss": 0.884785532951355,
            "acc": 0.01390086766332388
        }
    }
}
