{
    "train": {
        "step": {
            "loss": 0.15965646505355835,
            "acc": 0.9510327577590942
        }
    },
    "epoch": 0,
    "step": 243,
    "val": {
        "step": {
            "loss": 0.15332266688346863,
            "acc": 0.9531695246696472
        }
    }
}