{
    "train": {
        "step": {
            "loss": 0.15965646505355835,
            "acc": 0.9510327577590942
        }
    },
    "epoch": 0,
    "step": 177,
    "val": {
        "step": {
            "loss": 0.1556674987077713,
            "acc": 0.95223468542099
        }
    }
}