{
    "train": {
        "step": {
            "loss": 0.17216964066028595,
            "acc": 0.9481392502784729
        },
        "epoch": {
            "loss": 0.2677568197250366,
            "acc": 0.9290064573287964
        }
    },
    "epoch": 1,
    "step": 313,
    "val": {
        "step": {
            "loss": 0.18053345382213593,
            "acc": 0.9450676441192627
        },
        "epoch": {
            "loss": 0.17095120251178741,
            "acc": 0.9485845565795898
        }
    }
}