{
    "train": {
        "step": {
            "loss": 0.16144441068172455,
            "acc": 0.9511106610298157
        },
        "epoch": {
            "loss": 0.17835842072963715,
            "acc": 0.9466535449028015
        }
    },
    "epoch": 2,
    "step": 399,
    "val": {
        "step": {
            "loss": 0.17992791533470154,
            "acc": 0.945868968963623
        },
        "epoch": {
            "loss": 0.17004641890525818,
            "acc": 0.9486605525016785
        }
    }
}