{
    "train": {
        "step": {
            "loss": 0.15965646505355835,
            "acc": 0.9510327577590942
        }
    },
    "epoch": 0,
    "step": 298,
    "val": {
        "step": {
            "loss": 0.16716347634792328,
            "acc": 0.9479166865348816
        }
    }
}