{
    "train": {
        "step": {
            "loss": 0.15965646505355835,
            "acc": 0.9510327577590942
        }
    },
    "epoch": 0,
    "step": 7,
    "val": {
        "step": {
            "loss": 0.16054050624370575,
            "acc": 0.9504985809326172
        }
    }
}