{
    "train": {
        "step": {
            "loss": 0.1880744844675064,
            "acc": 0.9437878131866455
        }
    },
    "epoch": 0,
    "step": 35,
    "val": {
        "step": {
            "loss": 0.19289271533489227,
            "acc": 0.9431145191192627
        }
    }
}