{
    "val": {
        "loss": 1.5370951890945435,
        "acc": 0.015065593644976616
    },
    "epoch": 2,
    "step": 5,
    "train": {
        "epoch": {
            "loss": 1.9553741216659546,
            "acc": 0.015066903084516525
        }
    }
}
