{
    "train": {
        "step": {
            "loss": 0.15965646505355835,
            "acc": 0.9510327577590942
        }
    },
    "epoch": 0,
    "step": 85,
    "val": {
        "step": {
            "loss": 0.15803666412830353,
            "acc": 0.9522792100906372
        }
    }
}