{
    "val": {
        "loss": 0.6123529076576233,
        "acc": 0.013770489022135735
    },
    "epoch": 2,
    "step": 23,
    "train": {
        "epoch": {
            "loss": 0.6321824789047241,
            "acc": 0.011929983273148537
        }
    }
}
