{
    "train": {
        "step": {
            "loss": 0.1843026727437973,
            "acc": 0.9451622366905212
        }
    },
    "epoch": 0,
    "step": 14,
    "val": {
        "step": {
            "loss": 0.186070516705513,
            "acc": 0.9448395371437073
        }
    }
}