{
    "train": {
        "step": {
            "loss": 0.15965646505355835,
            "acc": 0.9510327577590942
        }
    },
    "epoch": 0,
    "step": 224,
    "val": {
        "step": {
            "loss": 0.1589474081993103,
            "acc": 0.953125
        }
    }
}