{
    "train": {
        "step": {
            "loss": 0.187236949801445,
            "acc": 0.9441940188407898
        }
    },
    "epoch": 0,
    "step": 28,
    "val": {
        "step": {
            "loss": 0.1897091120481491,
            "acc": 0.9439937472343445
        }
    }
}