{
    "val": {
        "step": {
            "loss": 0.5493003726005554,
            "acc": 0.8439319133758545
        },
        "epoch": {
            "loss": 0.5410171151161194,
            "acc": 0.8460195064544678
        }
    },
    "step": 47,
    "epoch": 2,
    "train": {
        "epoch": {
            "loss": 0.6080261468887329,
            "acc": 0.8326379656791687
        }
    }
}