{
    "train": {
        "step": {
            "loss": 0.187236949801445,
            "acc": 0.9441940188407898
        }
    },
    "epoch": 0,
    "step": 21,
    "val": {
        "step": {
            "loss": 0.19557350873947144,
            "acc": 0.9422798752784729
        }
    }
}