{
    "train": {
        "step": {
            "loss": 0.15965646505355835,
            "acc": 0.9510327577590942
        }
    },
    "epoch": 0,
    "step": 283,
    "val": {
        "step": {
            "loss": 0.17912787199020386,
            "acc": 0.9471153616905212
        }
    }
}