{
    "train": {
        "step": {
            "loss": 0.1843026727437973,
            "acc": 0.9451622366905212
        }
    },
    "epoch": 0,
    "step": 25,
    "val": {
        "step": {
            "loss": 0.18346434831619263,
            "acc": 0.9457687735557556
        }
    }
}