{
    "train": {
        "step": {
            "loss": 0.15975253283977509,
            "acc": 0.9511218070983887
        },
        "epoch": {
            "loss": 0.1635090559720993,
            "acc": 0.9504679441452026
        }
    },
    "epoch": 3,
    "step": 499,
    "val": {
        "step": {
            "loss": 0.16801701486110687,
            "acc": 0.9485399127006531
        },
        "epoch": {
            "loss": 0.1585819274187088,
            "acc": 0.9517666697502136
        }
    }
}