{
    "train": {
        "step": {
            "loss": 0.1843026727437973,
            "acc": 0.9451622366905212
        }
    },
    "epoch": 0,
    "step": 9,
    "val": {
        "step": {
            "loss": 0.1897805780172348,
            "acc": 0.9436431527137756
        }
    }
}