{
    "train": {
        "step": {
            "loss": 0.27118900418281555,
            "acc": 0.06921477615833282
        },
        "epoch": {
            "loss": 0.2750683128833771,
            "acc": 0.05900849029421806
        }
    },
    "epoch": 1,
    "step": 313,
    "val": {
        "loss": 0.26257047057151794,
        "acc": 0.06994836777448654
    }
}
