{
    "train": {
        "step": {
            "loss": 0.187236949801445,
            "acc": 0.9441940188407898
        }
    },
    "epoch": 0,
    "step": 31,
    "val": {
        "step": {
            "loss": 0.1934993416070938,
            "acc": 0.942480206489563
        }
    }
}