{
    "train": {
        "step": {
            "loss": 0.15965646505355835,
            "acc": 0.9510327577590942
        }
    },
    "epoch": 0,
    "step": 155,
    "val": {
        "step": {
            "loss": 0.15532642602920532,
            "acc": 0.953125
        }
    }
}