{
    "train": {
        "step": {
            "loss": 0.15965646505355835,
            "acc": 0.9510327577590942
        }
    },
    "epoch": 0,
    "step": 192,
    "val": {
        "step": {
            "loss": 0.17357271909713745,
            "acc": 0.9484953880310059
        }
    }
}