{
    "train": {
        "step": {
            "loss": 0.187236949801445,
            "acc": 0.9441940188407898
        }
    },
    "epoch": 0,
    "step": 38,
    "val": {
        "step": {
            "loss": 0.1975763887166977,
            "acc": 0.9413728713989258
        }
    }
}