{
    "train": {
        "step": {
            "loss": 0.28456681966781616,
            "acc": 0.06444712728261948
        },
        "epoch": {
            "loss": 0.2905813455581665,
            "acc": 0.055535003542900085
        }
    },
    "epoch": 1,
    "step": 313,
    "val": {
        "loss": 0.27385780215263367,
        "acc": 0.06571042537689209
    }
}
