{
    "train": {
        "step": {
            "loss": 0.15965646505355835,
            "acc": 0.9510327577590942
        }
    },
    "epoch": 0,
    "step": 171,
    "val": {
        "step": {
            "loss": 0.16264954209327698,
            "acc": 0.9517005085945129
        }
    }
}