{
    "train": {
        "step": {
            "loss": 0.1880744844675064,
            "acc": 0.9437878131866455
        }
    },
    "epoch": 0,
    "step": 33,
    "val": {
        "step": {
            "loss": 0.1890014410018921,
            "acc": 0.9431312084197998
        }
    }
}