{
    "val": {
        "loss": 1.1075149774551392,
        "acc": 0.013987098820507526
    },
    "epoch": 9,
    "step": 129,
    "train": {
        "epoch": {
            "loss": 1.041629672050476,
            "acc": 0.01254149992018938
        },
        "step": {
            "loss": 1.0036349296569824,
            "acc": 0.011627906933426857
        }
    }
}
