{
    "train": {
        "step": {
            "loss": 0.15965646505355835,
            "acc": 0.9510327577590942
        }
    },
    "epoch": 0,
    "step": 219,
    "val": {
        "step": {
            "loss": 0.16231480240821838,
            "acc": 0.9517450332641602
        }
    }
}