{
    "train": {
        "step": {
            "loss": 0.15965646505355835,
            "acc": 0.9510327577590942
        }
    },
    "epoch": 0,
    "step": 104,
    "val": {
        "step": {
            "loss": 0.16217689216136932,
            "acc": 0.9501869678497314
        }
    }
}