{
    "train": {
        "step": {
            "loss": 0.28048092126846313,
            "acc": 0.06420993059873581
        },
        "epoch": {
            "loss": 0.285840779542923,
            "acc": 0.04594254121184349
        }
    },
    "epoch": 1,
    "step": 313,
    "val": {
        "loss": 0.26920467615127563,
        "acc": 0.06492292881011963
    }
}
