{
    "train": {
        "step": {
            "loss": 0.15965646505355835,
            "acc": 0.9510327577590942
        }
    },
    "epoch": 0,
    "step": 114,
    "val": {
        "step": {
            "loss": 0.148362398147583,
            "acc": 0.9549501538276672
        }
    }
}