{
    "train": {
        "step": {
            "loss": 0.15965646505355835,
            "acc": 0.9510327577590942
        }
    },
    "epoch": 0,
    "step": 236,
    "val": {
        "step": {
            "loss": 0.14970888197422028,
            "acc": 0.9541933536529541
        }
    }
}