{
    "val": {
        "loss": 0.6002857089042664,
        "acc": 0.013381250202655792
    },
    "epoch": 3,
    "step": 31,
    "train": {
        "epoch": {
            "loss": 0.611866295337677,
            "acc": 0.012622534297406673
        }
    }
}
