{
    "val": {
        "loss": 0.6287845373153687,
        "acc": 0.1057613268494606
    },
    "epoch": 9,
    "step": 129,
    "train": {
        "epoch": {
            "loss": 0.5822920799255371,
            "acc": 0.1007198691368103
        },
        "step": {
            "loss": 0.5810416340827942,
            "acc": 0.0878259539604187
        }
    }
}
