{
    "train": {
        "step": {
            "loss": 0.187236949801445,
            "acc": 0.9441940188407898
        }
    },
    "epoch": 0,
    "step": 8,
    "val": {
        "step": {
            "loss": 0.19075854122638702,
            "acc": 0.9435708522796631
        }
    }
}