{
    "train": {
        "step": {
            "loss": 0.15965646505355835,
            "acc": 0.9510327577590942
        }
    },
    "epoch": 0,
    "step": 241,
    "val": {
        "step": {
            "loss": 0.18461044132709503,
            "acc": 0.9436431527137756
        }
    }
}