{
    "train": {
        "step": {
            "loss": 0.1527092605829239,
            "acc": 0.9528746008872986
        },
        "epoch": {
            "loss": 0.154662624001503,
            "acc": 0.952704668045044
        }
    },
    "epoch": 4,
    "step": 163,
    "val": {
        "step": {
            "loss": 0.14837323129177094,
            "acc": 0.9544771909713745
        },
        "epoch": {
            "loss": 0.15471050143241882,
            "acc": 0.9525091648101807
        }
    }
}