{
    "val": {
        "loss": 1.2594397068023682,
        "acc": 0.011627907864749432
    },
    "epoch": 9,
    "step": 129,
    "train": {
        "epoch": {
            "loss": 1.1910459995269775,
            "acc": 0.011627906933426857
        },
        "step": {
            "loss": 1.1604338884353638,
            "acc": 0.011627906933426857
        }
    }
}
