{
    "train": {
        "step": {
            "loss": 0.2827540338039398,
            "acc": 0.062180373817682266
        },
        "epoch": {
            "loss": 0.28974494338035583,
            "acc": 0.05311069265007973
        }
    },
    "epoch": 1,
    "step": 313,
    "val": {
        "loss": 0.27135494351387024,
        "acc": 0.06308728456497192
    }
}
