{
    "train": {
        "step": {
            "loss": 0.15965646505355835,
            "acc": 0.9510327577590942
        }
    },
    "epoch": 0,
    "step": 178,
    "val": {
        "step": {
            "loss": 0.15026596188545227,
            "acc": 0.9540598392486572
        }
    }
}