{
    "val": {
        "loss": 1.2993637323379517,
        "acc": 0.011627907864749432
    },
    "epoch": 9,
    "step": 129,
    "train": {
        "epoch": {
            "loss": 1.2240463495254517,
            "acc": 0.011627906933426857
        },
        "step": {
            "loss": 1.1875734329223633,
            "acc": 0.011627906933426857
        }
    }
}
