{
    "train": {
        "step": {
            "loss": 0.1880744844675064,
            "acc": 0.9437878131866455
        }
    },
    "epoch": 0,
    "step": 39,
    "val": {
        "step": {
            "loss": 0.19808557629585266,
            "acc": 0.9400818943977356
        }
    }
}