{
    "train": {
        "step": {
            "loss": 0.1880744844675064,
            "acc": 0.9437878131866455
        }
    },
    "epoch": 0,
    "step": 10,
    "val": {
        "step": {
            "loss": 0.18866868317127228,
            "acc": 0.9436709880828857
        }
    }
}