{
    "train": {
        "step": {
            "loss": 0.1880744844675064,
            "acc": 0.9437878131866455
        }
    },
    "epoch": 0,
    "step": 17,
    "val": {
        "step": {
            "loss": 0.18542417883872986,
            "acc": 0.9451566934585571
        }
    }
}