{
    "train": {
        "step": {
            "loss": 0.1880744844675064,
            "acc": 0.9437878131866455
        }
    },
    "epoch": 0,
    "step": 6,
    "val": {
        "step": {
            "loss": 0.18710164725780487,
            "acc": 0.9442942142486572
        }
    }
}