{
    "train": {
        "step": {
            "loss": 0.15965646505355835,
            "acc": 0.9510327577590942
        }
    },
    "epoch": 0,
    "step": 234,
    "val": {
        "step": {
            "loss": 0.16940642893314362,
            "acc": 0.949207603931427
        }
    }
}