{
    "train": {
        "step": {
            "loss": 0.17333614826202393,
            "acc": 0.9480947256088257
        },
        "epoch": {
            "loss": 0.2607693076133728,
            "acc": 0.9302210807800293
        }
    },
    "epoch": 1,
    "step": 60,
    "val": {
        "step": {
            "loss": 0.1631380319595337,
            "acc": 0.9505653381347656
        },
        "epoch": {
            "loss": 0.18991215527057648,
            "acc": 0.943344235420227
        }
    }
}