{
    "train": {
        "step": {
            "loss": 0.19724449515342712,
            "acc": 0.9418179988861084
        }
    },
    "epoch": 0,
    "step": 99
}