{
    "train": {
        "step": {
            "loss": 0.15853364765644073,
            "acc": 0.9519787430763245
        },
        "epoch": {
            "loss": 0.1635090559720993,
            "acc": 0.9504679441452026
        }
    },
    "epoch": 2,
    "step": 470,
    "val": {
        "step": {
            "loss": 0.16801701486110687,
            "acc": 0.9485399127006531
        },
        "epoch": {
            "loss": 0.1585819274187088,
            "acc": 0.9517666697502136
        }
    }
}