{
    "train": {
        "step": {
            "loss": 0.187236949801445,
            "acc": 0.9441940188407898
        }
    },
    "epoch": 0,
    "step": 1,
    "val": {
        "step": {
            "loss": 0.18777845799922943,
            "acc": 0.944583535194397
        }
    }
}