{
    "train": {
        "step": {
            "loss": 0.14923937618732452,
            "acc": 0.9548221826553345
        },
        "epoch": {
            "loss": 0.15474410355091095,
            "acc": 0.9527802467346191
        }
    },
    "epoch": 4,
    "step": 784,
    "val": {
        "step": {
            "loss": 0.15900567173957825,
            "acc": 0.9527243375778198
        },
        "epoch": {
            "loss": 0.15006494522094727,
            "acc": 0.9540064334869385
        }
    }
}