{
    "train": {
        "step": {
            "loss": 0.15965646505355835,
            "acc": 0.9510327577590942
        }
    },
    "epoch": 0,
    "step": 250,
    "val": {
        "step": {
            "loss": 0.1627711057662964,
            "acc": 0.9506320953369141
        }
    }
}