{
    "train": {
        "step": {
            "loss": 0.1880744844675064,
            "acc": 0.9437878131866455
        }
    },
    "epoch": 0,
    "step": 15,
    "val": {
        "step": {
            "loss": 0.19125540554523468,
            "acc": 0.9429698586463928
        }
    }
}