{
    "train": {
        "step": {
            "loss": 0.15965646505355835,
            "acc": 0.9510327577590942
        }
    },
    "epoch": 0,
    "step": 116,
    "val": {
        "step": {
            "loss": 0.16515852510929108,
            "acc": 0.9501424431800842
        }
    }
}