{
    "val": {
        "step": {
            "loss": 0.5753638744354248,
            "acc": 0.8382584452629089
        },
        "epoch": {
            "loss": 0.6619471907615662,
            "acc": 0.827750027179718
        }
    },
    "step": 5,
    "epoch": 0,
    "train": {
        "epoch": {
            "loss": 1.122913122177124,
            "acc": 0.7546461820602417
        }
    }
}