{
    "train": {
        "step": {
            "loss": 0.2318972498178482,
            "acc": 0.9334657788276672
        },
        "epoch": {
            "loss": 0.23597277700901031,
            "acc": 0.9321485161781311
        }
    },
    "epoch": 4,
    "step": 394,
    "val": {
        "loss": 0.2360883504152298,
        "acc": 0.9320825338363647
    }
}