{
    "train": {
        "step": {
            "loss": 0.15965646505355835,
            "acc": 0.9510327577590942
        }
    },
    "epoch": 0,
    "step": 135,
    "val": {
        "step": {
            "loss": 0.15535026788711548,
            "acc": 0.9532140493392944
        }
    }
}