{
    "train": {
        "step": {
            "loss": 0.1394171267747879,
            "acc": 0.26975929737091064
        },
        "epoch": {
            "loss": 0.14170515537261963,
            "acc": 0.2681221663951874
        }
    },
    "epoch": 15,
    "step": 2477,
    "val": {
        "loss": 0.1436215490102768,
        "acc": 0.2605113089084625
    }
}
