{
    "val": {
        "loss": 0.7697736620903015,
        "acc": 0.06634190678596497
    },
    "epoch": 1,
    "step": 25,
    "train": {
        "epoch": {
            "loss": 1.4258062839508057,
            "acc": 0.027507008984684944
        }
    }
}