{
    "val": {
        "loss": 1.0678493976593018,
        "acc": 0.014492753893136978
    },
    "epoch": 19,
    "step": 39,
    "train": {
        "epoch": {
            "loss": 1.0844517946243286,
            "acc": 0.012744197621941566
        }
    }
}
