{
    "train": {
        "step": {
            "loss": 0.1843026727437973,
            "acc": 0.9451622366905212
        }
    },
    "epoch": 0,
    "step": 24,
    "val": {
        "step": {
            "loss": 0.18790346384048462,
            "acc": 0.9439325332641602
        }
    }
}