{
    "train": {
        "step": {
            "loss": 0.15965646505355835,
            "acc": 0.9510327577590942
        }
    },
    "epoch": 0,
    "step": 289,
    "val": {
        "step": {
            "loss": 0.18260613083839417,
            "acc": 0.9438657164573669
        }
    }
}