{
    "train": {
        "step": {
            "loss": 0.1843026727437973,
            "acc": 0.9451622366905212
        }
    },
    "epoch": 0,
    "step": 30,
    "val": {
        "step": {
            "loss": 0.19549062848091125,
            "acc": 0.9422798752784729
        }
    }
}