{
    "train": {
        "step": {
            "loss": 0.15965646505355835,
            "acc": 0.9510327577590942
        }
    },
    "epoch": 0,
    "step": 194,
    "val": {
        "step": {
            "loss": 0.16205309331417084,
            "acc": 0.9496527910232544
        }
    }
}