{
    "train": {
        "step": {
            "loss": 0.15965646505355835,
            "acc": 0.9510327577590942
        }
    },
    "epoch": 0,
    "step": 28,
    "val": {
        "step": {
            "loss": 0.15357783436775208,
            "acc": 0.9539707899093628
        }
    }
}