{
    "train": {
        "step": {
            "loss": 0.15965646505355835,
            "acc": 0.9510327577590942
        }
    },
    "epoch": 0,
    "step": 233,
    "val": {
        "step": {
            "loss": 0.16178131103515625,
            "acc": 0.95134437084198
        }
    }
}