{
    "train": {
        "step": {
            "loss": 0.15164519846439362,
            "acc": 0.953492283821106
        },
        "epoch": {
            "loss": 0.14791077375411987,
            "acc": 0.9548811316490173
        }
    },
    "epoch": 5,
    "step": 225,
    "val": {
        "step": {
            "loss": 0.14372433722019196,
            "acc": 0.9560908675193787
        },
        "epoch": {
            "loss": 0.15006494522094727,
            "acc": 0.9540064334869385
        }
    }
}