{
    "val": {
        "step": {
            "loss": 0.6703062653541565,
            "acc": 0.8247733116149902
        },
        "epoch": {
            "loss": 0.6619471907615662,
            "acc": 0.827750027179718
        }
    },
    "step": 15,
    "epoch": 0
}