{
    "train": {
        "step": {
            "loss": 0.1880744844675064,
            "acc": 0.9437878131866455
        }
    },
    "epoch": 0,
    "step": 11,
    "val": {
        "step": {
            "loss": 0.19053073227405548,
            "acc": 0.9433259963989258
        }
    }
}