{
    "train": {
        "step": {
            "loss": 0.15965646505355835,
            "acc": 0.9510327577590942
        }
    },
    "epoch": 0,
    "step": 282,
    "val": {
        "step": {
            "loss": 0.15451680123806,
            "acc": 0.953481137752533
        }
    }
}