{
    "val": {
        "loss": 2.419377088546753,
        "acc": 0.013954171910881996
    },
    "epoch": 1,
    "step": 3,
    "train": {
        "epoch": {
            "loss": 3.4198687076568604,
            "acc": 0.019245775416493416
        }
    }
}
