{
    "train": {
        "step": {
            "loss": 0.16578631103038788,
            "acc": 0.9495915770530701
        },
        "epoch": {
            "loss": 0.1769905984401703,
            "acc": 0.9470386505126953
        }
    },
    "epoch": 2,
    "step": 349,
    "val": {
        "step": {
            "loss": 0.1815401315689087,
            "acc": 0.945868968963623
        },
        "epoch": {
            "loss": 0.17073097825050354,
            "acc": 0.9484953880310059
        }
    }
}