{
    "train": {
        "step": {
            "loss": 0.1843026727437973,
            "acc": 0.9451622366905212
        }
    },
    "epoch": 0,
    "step": 0,
    "val": {
        "step": {
            "loss": 0.18554653227329254,
            "acc": 0.9447171092033386
        }
    }
}