{
    "val": {
        "loss": 1.6424213647842407,
        "acc": 0.01861194521188736
    },
    "epoch": 2,
    "step": 5,
    "train": {
        "epoch": {
            "loss": 2.581381320953369,
            "acc": 0.020293062552809715
        }
    }
}
