{
    "train": {
        "step": {
            "loss": 0.1843026727437973,
            "acc": 0.9451622366905212
        }
    },
    "epoch": 0,
    "step": 7,
    "val": {
        "step": {
            "loss": 0.1848231703042984,
            "acc": 0.9451233148574829
        }
    }
}