{
    "train": {
        "step": {
            "loss": 0.187236949801445,
            "acc": 0.9441940188407898
        }
    },
    "epoch": 0,
    "step": 4,
    "val": {
        "step": {
            "loss": 0.18685737252235413,
            "acc": 0.944978654384613
        }
    }
}