{
    "val": {
        "loss": 1.4469703435897827,
        "acc": 0.0132296122610569
    },
    "epoch": 2,
    "step": 5,
    "train": {
        "epoch": {
            "loss": 1.6873477697372437,
            "acc": 0.013236135244369507
        }
    }
}
