{
    "val": {
        "loss": 0.8943957686424255,
        "acc": 0.030638014897704124
    },
    "epoch": 9,
    "step": 129,
    "train": {
        "epoch": {
            "loss": 0.8484840989112854,
            "acc": 0.03202476724982262
        },
        "step": {
            "loss": 0.817679226398468,
            "acc": 0.030625279992818832
        }
    }
}
