{
    "train": {
        "step": {
            "loss": 0.15965646505355835,
            "acc": 0.9510327577590942
        }
    },
    "epoch": 0,
    "step": 43,
    "val": {
        "step": {
            "loss": 0.16266776621341705,
            "acc": 0.9495192170143127
        }
    }
}