{
    "train": {
        "step": {
            "loss": 0.15965646505355835,
            "acc": 0.9510327577590942
        }
    },
    "epoch": 0,
    "step": 55,
    "val": {
        "step": {
            "loss": 0.14781241118907928,
            "acc": 0.9549501538276672
        }
    }
}