{
    "train": {
        "step": {
            "loss": 0.15965646505355835,
            "acc": 0.9510327577590942
        }
    },
    "epoch": 0,
    "step": 73,
    "val": {
        "step": {
            "loss": 0.1781073659658432,
            "acc": 0.9472489356994629
        }
    }
}