{
    "train": {
        "step": {
            "loss": 0.2852732837200165,
            "acc": 0.05884942412376404
        },
        "epoch": {
            "loss": 0.2925213873386383,
            "acc": 0.051555998623371124
        }
    },
    "epoch": 1,
    "step": 313,
    "val": {
        "loss": 0.27505967020988464,
        "acc": 0.06003636494278908
    }
}
