{
    "train": {
        "step": {
            "loss": 0.187236949801445,
            "acc": 0.9441940188407898
        }
    },
    "epoch": 0,
    "step": 16,
    "val": {
        "step": {
            "loss": 0.18840835988521576,
            "acc": 0.9441606402397156
        }
    }
}