{
    "train": {
        "step": {
            "loss": 0.15965646505355835,
            "acc": 0.9510327577590942
        }
    },
    "epoch": 0,
    "step": 280,
    "val": {
        "step": {
            "loss": 0.18404820561408997,
            "acc": 0.9451121687889099
        }
    }
}