{
    "train": {
        "step": {
            "loss": 0.15965646505355835,
            "acc": 0.9510327577590942
        }
    },
    "epoch": 0,
    "step": 223,
    "val": {
        "step": {
            "loss": 0.15030784904956818,
            "acc": 0.9546830654144287
        }
    }
}