{
    "train": {
        "step": {
            "loss": 0.15125736594200134,
            "acc": 0.21957680583000183
        },
        "epoch": {
            "loss": 0.1538938283920288,
            "acc": 0.2278781682252884
        }
    },
    "epoch": 6,
    "step": 958,
    "val": {
        "loss": 0.1524471491575241,
        "acc": 0.2367851585149765
    }
}
