{
    "val": {
        "loss": 2.1885387897491455,
        "acc": 0.023405272513628006
    },
    "epoch": 1,
    "step": 3,
    "train": {
        "epoch": {
            "loss": 3.1985409259796143,
            "acc": 0.01982710137963295
        }
    }
}
