{
    "val": {
        "loss": 0.4731980860233307,
        "acc": 0.8691250085830688
    },
    "epoch": 4,
    "step": 79,
    "train": {
        "epoch": {
            "loss": 0.47395220398902893,
            "acc": 0.8695992827415466
        },
        "step": {
            "loss": 0.5003474354743958,
            "acc": 0.864985466003418
        }
    }
}