{
    "train": {
        "step": {
            "loss": 0.30507493019104004,
            "acc": 0.04455713555216789
        },
        "epoch": {
            "loss": 0.3134508430957794,
            "acc": 0.0336492545902729
        }
    },
    "epoch": 1,
    "step": 313,
    "val": {
        "loss": 0.29383817315101624,
        "acc": 0.044906698167324066
    }
}
