{
    "train": {
        "step": {
            "loss": 0.187236949801445,
            "acc": 0.9441940188407898
        }
    },
    "epoch": 0,
    "step": 24,
    "val": {
        "step": {
            "loss": 0.19161254167556763,
            "acc": 0.9434094429016113
        }
    }
}