{
    "val": {
        "loss": 0.5590065121650696,
        "acc": 0.858193576335907
    },
    "epoch": 1,
    "step": 31,
    "train": {
        "epoch": {
            "loss": 0.5797593593597412,
            "acc": 0.8536794185638428
        }
    }
}