{
    "val": {
        "loss": 0.5811727643013,
        "acc": 0.01221664622426033
    },
    "epoch": 1,
    "step": 31,
    "train": {
        "epoch": {
            "loss": 0.6228448748588562,
            "acc": 0.01193264964967966
        }
    }
}
