{
    "train": {
        "step": {
            "loss": 0.15965646505355835,
            "acc": 0.9510327577590942
        }
    },
    "epoch": 0,
    "step": 253,
    "val": {
        "step": {
            "loss": 0.16319002211093903,
            "acc": 0.9515669345855713
        }
    }
}