{
    "train": {
        "step": {
            "loss": 0.5536457300186157,
            "acc": 0.013837440870702267
        },
        "epoch": {
            "loss": 0.63818359375,
            "acc": 0.013542849570512772
        }
    },
    "epoch": 1,
    "step": 313,
    "val": {
        "loss": 0.5251055359840393,
        "acc": 0.014211895875632763
    }
}
