{
    "train": {
        "step": {
            "loss": 0.15965646505355835,
            "acc": 0.9510327577590942
        }
    },
    "epoch": 0,
    "step": 62,
    "val": {
        "step": {
            "loss": 0.16630738973617554,
            "acc": 0.9490295648574829
        }
    }
}