{
    "val": {
        "loss": 2.1692888736724854,
        "acc": 0.01356279943138361
    },
    "epoch": 2,
    "step": 5,
    "train": {
        "epoch": {
            "loss": 2.696718692779541,
            "acc": 0.01549915038049221
        }
    }
}
