{
    "train": {
        "step": {
            "loss": 0.1843026727437973,
            "acc": 0.9451622366905212
        }
    },
    "epoch": 0,
    "step": 2,
    "val": {
        "step": {
            "loss": 0.19043074548244476,
            "acc": 0.9440438151359558
        }
    }
}