{
    "train": {
        "step": {
            "loss": 0.187236949801445,
            "acc": 0.9441940188407898
        }
    },
    "epoch": 0,
    "step": 17,
    "val": {
        "step": {
            "loss": 0.18714113533496857,
            "acc": 0.9449285268783569
        }
    }
}