{
    "train": {
        "step": {
            "loss": 0.14987702667713165,
            "acc": 0.9541432857513428
        },
        "epoch": {
            "loss": 0.1635090559720993,
            "acc": 0.9504679441452026
        }
    },
    "epoch": 3,
    "step": 159,
    "val": {
        "step": {
            "loss": 0.16613027453422546,
            "acc": 0.9504095315933228
        },
        "epoch": {
            "loss": 0.1585819274187088,
            "acc": 0.9517666697502136
        }
    }
}