{
    "train": {
        "step": {
            "loss": 0.23239533603191376,
            "acc": 0.0673336535692215
        },
        "epoch": {
            "loss": 0.22923274338245392,
            "acc": 0.06448973715305328
        }
    },
    "epoch": 1,
    "step": 313,
    "val": {
        "loss": 0.22429081797599792,
        "acc": 0.07101425528526306
    }
}
