{
    "train": {
        "step": {
            "loss": 0.15853364765644073,
            "acc": 0.9519787430763245
        },
        "epoch": {
            "loss": 0.17835842072963715,
            "acc": 0.9466535449028015
        }
    },
    "epoch": 2,
    "step": 98,
    "val": {
        "step": {
            "loss": 0.16078324615955353,
            "acc": 0.9511162042617798
        },
        "epoch": {
            "loss": 0.17004641890525818,
            "acc": 0.9486605525016785
        }
    }
}