{
    "val": {
        "loss": 1.6675024032592773,
        "acc": 0.0168203953653574
    },
    "epoch": 1,
    "step": 3,
    "train": {
        "epoch": {
            "loss": 2.093445062637329,
            "acc": 0.015188413672149181
        }
    }
}
