{
    "train": {
        "step": {
            "loss": 0.17913123965263367,
            "acc": 0.9463474750518799
        },
        "epoch": {
            "loss": 0.18054349720478058,
            "acc": 0.9460769295692444
        }
    },
    "epoch": 1,
    "step": 313,
    "val": {
        "loss": 0.17405512928962708,
        "acc": 0.9479393362998962
    }
}