{
    "val": {
        "loss": 0.7929772734642029,
        "acc": 0.017952075228095055
    },
    "epoch": 1,
    "step": 31,
    "train": {
        "epoch": {
            "loss": 0.8283774256706238,
            "acc": 0.015207324177026749
        }
    }
}
