{
    "train": {
        "step": {
            "loss": 0.14713747799396515,
            "acc": 0.9550002217292786
        },
        "epoch": {
            "loss": 0.15474410355091095,
            "acc": 0.9527802467346191
        }
    },
    "epoch": 4,
    "step": 699,
    "val": {
        "step": {
            "loss": 0.16663724184036255,
            "acc": 0.9499644041061401
        },
        "epoch": {
            "loss": 0.15566134452819824,
            "acc": 0.9524748921394348
        }
    }
}