{
    "train": {
        "step": {
            "loss": 0.1517723798751831,
            "acc": 0.9540653824806213
        },
        "epoch": {
            "loss": 0.15604451298713684,
            "acc": 0.9524567127227783
        }
    },
    "epoch": 3,
    "step": 627,
    "val": {
        "step": {
            "loss": 0.16816098988056183,
            "acc": 0.9478276371955872
        },
        "epoch": {
            "loss": 0.15666703879833221,
            "acc": 0.9520983695983887
        }
    }
}