{
    "train": {
        "step": {
            "loss": 0.15965646505355835,
            "acc": 0.9510327577590942
        }
    },
    "epoch": 0,
    "step": 97,
    "val": {
        "step": {
            "loss": 0.16464170813560486,
            "acc": 0.950097918510437
        }
    }
}