{
    "train": {
        "step": {
            "loss": 0.17216964066028595,
            "acc": 0.9481392502784729
        },
        "epoch": {
            "loss": 0.2677568197250366,
            "acc": 0.9290064573287964
        }
    },
    "epoch": 1,
    "step": 46,
    "val": {
        "step": {
            "loss": 0.16842137277126312,
            "acc": 0.9490796327590942
        },
        "epoch": {
            "loss": 0.19155141711235046,
            "acc": 0.94339519739151
        }
    }
}