{
    "train": {
        "step": {
            "loss": 0.15965646505355835,
            "acc": 0.9510327577590942
        }
    },
    "epoch": 0,
    "step": 306,
    "val": {
        "step": {
            "loss": 0.18186843395233154,
            "acc": 0.9456908702850342
        }
    }
}