{
    "train": {
        "step": {
            "loss": 0.15965646505355835,
            "acc": 0.9510327577590942
        }
    },
    "epoch": 0,
    "step": 304,
    "val": {
        "step": {
            "loss": 0.16233566403388977,
            "acc": 0.9514779448509216
        }
    }
}