{
    "train": {
        "step": {
            "loss": 0.187236949801445,
            "acc": 0.9441940188407898
        }
    },
    "epoch": 0,
    "step": 2,
    "val": {
        "step": {
            "loss": 0.19335876405239105,
            "acc": 0.9429754018783569
        }
    }
}