{
    "val": {
        "loss": 0.7922528982162476,
        "acc": 0.06712494790554047
    },
    "epoch": 9,
    "step": 19,
    "train": {
        "epoch": {
            "loss": 0.7676358819007874,
            "acc": 0.06021890044212341
        }
    }
}
