{
    "train": {
        "step": {
            "loss": 0.15965646505355835,
            "acc": 0.9510327577590942
        }
    },
    "epoch": 0,
    "step": 312,
    "val": {
        "step": {
            "loss": 0.17294125258922577,
            "acc": 0.9478276371955872
        }
    }
}