{
    "train": {
        "step": {
            "loss": 0.15965646505355835,
            "acc": 0.9510327577590942
        }
    },
    "epoch": 0,
    "step": 139,
    "val": {
        "step": {
            "loss": 0.16750921308994293,
            "acc": 0.949741780757904
        }
    }
}