{
    "train": {
        "step": {
            "loss": 0.15965646505355835,
            "acc": 0.9510327577590942
        }
    },
    "epoch": 0,
    "step": 152,
    "val": {
        "step": {
            "loss": 0.1689090132713318,
            "acc": 0.9490740895271301
        }
    }
}