{
    "train": {
        "step": {
            "loss": 0.1961813122034073,
            "acc": 0.94264155626297
        }
    },
    "epoch": 0,
    "step": 99
}