{
    "train": {
        "step": {
            "loss": 0.14923937618732452,
            "acc": 0.9548221826553345
        },
        "epoch": {
            "loss": 0.15474410355091095,
            "acc": 0.9527802467346191
        }
    },
    "epoch": 4,
    "step": 182,
    "val": {
        "step": {
            "loss": 0.14680466055870056,
            "acc": 0.9552060961723328
        },
        "epoch": {
            "loss": 0.15566134452819824,
            "acc": 0.9524748921394348
        }
    }
}