{
    "val": {
        "step": {
            "loss": 0.5178054571151733,
            "acc": 0.8503414392471313
        },
        "epoch": {
            "loss": 0.510233998298645,
            "acc": 0.8530032634735107
        }
    },
    "step": 79,
    "epoch": 4,
    "train": {
        "epoch": {
            "loss": 0.5104010701179504,
            "acc": 0.8531087636947632
        },
        "step": {
            "loss": 0.5197206139564514,
            "acc": 0.8519810438156128
        }
    }
}