{
    "train": {
        "step": {
            "loss": 0.1880744844675064,
            "acc": 0.9437878131866455
        }
    },
    "epoch": 0,
    "step": 19,
    "val": {
        "step": {
            "loss": 0.1938725709915161,
            "acc": 0.9420294761657715
        }
    }
}