{
    "train": {
        "step": {
            "loss": 0.15965646505355835,
            "acc": 0.9510327577590942
        }
    },
    "epoch": 0,
    "step": 9,
    "val": {
        "step": {
            "loss": 0.14888934791088104,
            "acc": 0.9549946784973145
        }
    }
}