{
    "val": {
        "loss": 1.2665152549743652,
        "acc": 0.011627907864749432
    },
    "epoch": 8,
    "step": 116,
    "train": {
        "epoch": {
            "loss": 1.2075614929199219,
            "acc": 0.011627906933426857
        },
        "step": {
            "loss": 1.1804509162902832,
            "acc": 0.011627906933426857
        }
    }
}
