{
    "val": {
        "loss": 0.585992693901062,
        "acc": 0.016561850905418396
    },
    "epoch": 1,
    "step": 31,
    "train": {
        "epoch": {
            "loss": 0.6275785565376282,
            "acc": 0.015600994229316711
        }
    }
}
