{
    "train": {
        "step": {
            "loss": 0.15965646505355835,
            "acc": 0.9510327577590942
        }
    },
    "epoch": 0,
    "step": 122,
    "val": {
        "step": {
            "loss": 0.17521287500858307,
            "acc": 0.9470263719558716
        }
    }
}