{
    "train": {
        "step": {
            "loss": 0.15965646505355835,
            "acc": 0.9510327577590942
        }
    },
    "epoch": 0,
    "step": 127,
    "val": {
        "step": {
            "loss": 0.17573609948158264,
            "acc": 0.9484063386917114
        }
    }
}