{
    "train": {
        "step": {
            "loss": 0.15965646505355835,
            "acc": 0.9510327577590942
        }
    },
    "epoch": 0,
    "step": 5,
    "val": {
        "step": {
            "loss": 0.15255774557590485,
            "acc": 0.9532585740089417
        }
    }
}