{
    "val": {
        "loss": 1.1691313982009888,
        "acc": 0.011627907864749432
    },
    "epoch": 9,
    "step": 129,
    "train": {
        "epoch": {
            "loss": 1.0338691473007202,
            "acc": 0.0134277967736125
        },
        "step": {
            "loss": 0.9856368899345398,
            "acc": 0.011627906933426857
        }
    }
}
