{
    "train": {
        "step": {
            "loss": 0.1880744844675064,
            "acc": 0.9437878131866455
        }
    },
    "epoch": 0,
    "step": 18,
    "val": {
        "step": {
            "loss": 0.19273461401462555,
            "acc": 0.9422131180763245
        }
    }
}