{
    "train": {
        "step": {
            "loss": 0.15965646505355835,
            "acc": 0.9510327577590942
        }
    },
    "epoch": 0,
    "step": 230,
    "val": {
        "step": {
            "loss": 0.15783581137657166,
            "acc": 0.9537037014961243
        }
    }
}