{
    "train": {
        "step": {
            "loss": 0.15796254575252533,
            "acc": 0.9515669345855713
        },
        "epoch": {
            "loss": 0.1644577831029892,
            "acc": 0.9502416849136353
        }
    },
    "epoch": 2,
    "step": 470,
    "val": {
        "step": {
            "loss": 0.1705283373594284,
            "acc": 0.9489850401878357
        },
        "epoch": {
            "loss": 0.15976333618164062,
            "acc": 0.9512543082237244
        }
    }
}