{
    "train": {
        "step": {
            "loss": 0.15965646505355835,
            "acc": 0.9510327577590942
        }
    },
    "epoch": 0,
    "step": 31,
    "val": {
        "step": {
            "loss": 0.17009760439395905,
            "acc": 0.9489405155181885
        }
    }
}