{
    "train": {
        "step": {
            "loss": 0.17333614826202393,
            "acc": 0.9480947256088257
        },
        "epoch": {
            "loss": 0.2607693076133728,
            "acc": 0.9302210807800293
        }
    },
    "epoch": 1,
    "step": 79,
    "val": {
        "step": {
            "loss": 0.17992791533470154,
            "acc": 0.945868968963623
        },
        "epoch": {
            "loss": 0.18991215527057648,
            "acc": 0.943344235420227
        }
    }
}