{
    "train": {
        "step": {
            "loss": 0.187236949801445,
            "acc": 0.9441940188407898
        }
    },
    "epoch": 0,
    "step": 10,
    "val": {
        "step": {
            "loss": 0.19128815829753876,
            "acc": 0.9436821341514587
        }
    }
}