{
    "val": {
        "step": {
            "loss": 0.5762289762496948,
            "acc": 0.8374467492103577
        },
        "epoch": {
            "loss": 0.6619471907615662,
            "acc": 0.827750027179718
        }
    },
    "step": 6,
    "epoch": 0,
    "train": {
        "epoch": {
            "loss": 1.122913122177124,
            "acc": 0.7546461820602417
        }
    }
}