{
    "train": {
        "step": {
            "loss": 0.187236949801445,
            "acc": 0.9441940188407898
        }
    },
    "epoch": 0,
    "step": 0,
    "val": {
        "step": {
            "loss": 0.18954239785671234,
            "acc": 0.9434094429016113
        }
    }
}