{
    "train": {
        "step": {
            "loss": 0.1843026727437973,
            "acc": 0.9451622366905212
        }
    },
    "epoch": 0,
    "step": 33,
    "val": {
        "step": {
            "loss": 0.18638400733470917,
            "acc": 0.9441272616386414
        }
    }
}