{
    "train": {
        "step": {
            "loss": 0.15965646505355835,
            "acc": 0.9510327577590942
        }
    },
    "epoch": 0,
    "step": 165,
    "val": {
        "step": {
            "loss": 0.1345200389623642,
            "acc": 0.9588675498962402
        }
    }
}