{
    "train": {
        "step": {
            "loss": 0.15965646505355835,
            "acc": 0.9510327577590942
        }
    },
    "epoch": 0,
    "step": 119,
    "val": {
        "step": {
            "loss": 0.15656982362270355,
            "acc": 0.9519675970077515
        }
    }
}