{
    "train": {
        "step": {
            "loss": 0.1353268027305603,
            "acc": 0.21157215535640717
        },
        "epoch": {
            "loss": 0.13353776931762695,
            "acc": 0.22249244153499603
        }
    },
    "epoch": 10,
    "step": 1604,
    "val": {
        "loss": 0.1343400478363037,
        "acc": 0.2231680154800415
    }
}
