{
    "train": {
        "step": {
            "loss": 0.15965646505355835,
            "acc": 0.9510327577590942
        }
    },
    "epoch": 0,
    "step": 185,
    "val": {
        "step": {
            "loss": 0.1676958203315735,
            "acc": 0.9497863054275513
        }
    }
}