{
    "train": {
        "step": {
            "loss": 0.15965646505355835,
            "acc": 0.9510327577590942
        }
    },
    "epoch": 0,
    "step": 226,
    "val": {
        "step": {
            "loss": 0.17158061265945435,
            "acc": 0.9486289024353027
        }
    }
}