{
    "train": {
        "step": {
            "loss": 0.1517723798751831,
            "acc": 0.9540653824806213
        },
        "epoch": {
            "loss": 0.16416238248348236,
            "acc": 0.9503753185272217
        }
    },
    "epoch": 3,
    "step": 132,
    "val": {
        "step": {
            "loss": 0.16143248975276947,
            "acc": 0.9507322907447815
        },
        "epoch": {
            "loss": 0.1599797159433365,
            "acc": 0.9513934850692749
        }
    }
}