{
    "train": {
        "step": {
            "loss": 0.15965646505355835,
            "acc": 0.9510327577590942
        }
    },
    "epoch": 0,
    "step": 92,
    "val": {
        "step": {
            "loss": 0.16505149006843567,
            "acc": 0.9494302272796631
        }
    }
}