{
    "val": {
        "loss": 0.7937625646591187,
        "acc": 0.024074219167232513
    },
    "epoch": 19,
    "step": 39,
    "train": {
        "epoch": {
            "loss": 0.8014979362487793,
            "acc": 0.021143756806850433
        }
    }
}
