{
    "train": {
        "step": {
            "loss": 0.1658523976802826,
            "acc": 0.9492855072021484
        },
        "epoch": {
            "loss": 0.17835842072963715,
            "acc": 0.9466535449028015
        }
    },
    "epoch": 2,
    "step": 349,
    "val": {
        "step": {
            "loss": 0.17992791533470154,
            "acc": 0.945868968963623
        },
        "epoch": {
            "loss": 0.17004641890525818,
            "acc": 0.9486605525016785
        }
    }
}