{
    "train": {
        "step": {
            "loss": 0.15965646505355835,
            "acc": 0.9510327577590942
        }
    },
    "epoch": 0,
    "step": 235,
    "val": {
        "step": {
            "loss": 0.1645669937133789,
            "acc": 0.9499198794364929
        }
    }
}