{
    "train": {
        "step": {
            "loss": 0.15965646505355835,
            "acc": 0.9510327577590942
        }
    },
    "epoch": 0,
    "step": 49,
    "val": {
        "step": {
            "loss": 0.1785336434841156,
            "acc": 0.9462695717811584
        }
    }
}