{
    "train": {
        "step": {
            "loss": 0.15965646505355835,
            "acc": 0.9510327577590942
        }
    },
    "epoch": 0,
    "step": 161,
    "val": {
        "step": {
            "loss": 0.16128920018672943,
            "acc": 0.9508992433547974
        }
    }
}