{
    "train": {
        "step": {
            "loss": 0.15965646505355835,
            "acc": 0.9510327577590942
        }
    },
    "epoch": 0,
    "step": 120,
    "val": {
        "step": {
            "loss": 0.17596429586410522,
            "acc": 0.9479166865348816
        }
    }
}