{
    "train": {
        "step": {
            "loss": 0.15965646505355835,
            "acc": 0.9510327577590942
        }
    },
    "epoch": 0,
    "step": 158,
    "val": {
        "step": {
            "loss": 0.16082897782325745,
            "acc": 0.9504095315933228
        }
    }
}