{
    "train": {
        "step": {
            "loss": 0.15965646505355835,
            "acc": 0.9510327577590942
        }
    },
    "epoch": 0,
    "step": 231,
    "val": {
        "step": {
            "loss": 0.17038756608963013,
            "acc": 0.9491630792617798
        }
    }
}