{
    "train": {
        "step": {
            "loss": 0.15965646505355835,
            "acc": 0.9510327577590942
        }
    },
    "epoch": 0,
    "step": 172,
    "val": {
        "step": {
            "loss": 0.18207567930221558,
            "acc": 0.945646345615387
        }
    }
}