{
    "train": {
        "step": {
            "loss": 0.187236949801445,
            "acc": 0.9441940188407898
        }
    },
    "epoch": 0,
    "step": 33,
    "val": {
        "step": {
            "loss": 0.1903475672006607,
            "acc": 0.9433816075325012
        }
    }
}