{
    "train": {
        "step": {
            "loss": 0.15965646505355835,
            "acc": 0.9510327577590942
        }
    },
    "epoch": 0,
    "step": 125,
    "val": {
        "step": {
            "loss": 0.1702413111925125,
            "acc": 0.947426974773407
        }
    }
}