{
    "train": {
        "step": {
            "loss": 0.15965646505355835,
            "acc": 0.9510327577590942
        }
    },
    "epoch": 0,
    "step": 302,
    "val": {
        "step": {
            "loss": 0.16952787339687347,
            "acc": 0.9481392502784729
        }
    }
}