{
    "train": {
        "step": {
            "loss": 0.15965646505355835,
            "acc": 0.9510327577590942
        }
    },
    "epoch": 0,
    "step": 105,
    "val": {
        "step": {
            "loss": 0.14701156318187714,
            "acc": 0.95490562915802
        }
    }
}