{
    "train": {
        "step": {
            "loss": 0.187236949801445,
            "acc": 0.9441940188407898
        }
    },
    "epoch": 0,
    "step": 7,
    "val": {
        "step": {
            "loss": 0.1885450780391693,
            "acc": 0.9443331360816956
        }
    }
}