{
    "train": {
        "step": {
            "loss": 0.17250582575798035,
            "acc": 0.9476885199546814
        },
        "epoch": {
            "loss": 0.17472143471240997,
            "acc": 0.9474496245384216
        }
    },
    "epoch": 1,
    "step": 313,
    "val": {
        "loss": 0.16727440059185028,
        "acc": 0.9492510557174683
    }
}