{
    "train": {
        "step": {
            "loss": 0.15965646505355835,
            "acc": 0.9510327577590942
        }
    },
    "epoch": 0,
    "step": 128,
    "val": {
        "step": {
            "loss": 0.16854412853717804,
            "acc": 0.948317289352417
        }
    }
}