{
    "train": {
        "step": {
            "loss": 0.1843026727437973,
            "acc": 0.9451622366905212
        }
    },
    "epoch": 0,
    "step": 10,
    "val": {
        "step": {
            "loss": 0.18810559809207916,
            "acc": 0.9447004199028015
        }
    }
}