{
    "train": {
        "step": {
            "loss": 0.15965646505355835,
            "acc": 0.9510327577590942
        }
    },
    "epoch": 0,
    "step": 252,
    "val": {
        "step": {
            "loss": 0.17151561379432678,
            "acc": 0.9481392502784729
        }
    }
}