{
    "train": {
        "step": {
            "loss": 0.1405877023935318,
            "acc": 0.2772054076194763
        },
        "epoch": {
            "loss": 0.1405877023935318,
            "acc": 0.2772054076194763
        }
    },
    "epoch": 193,
    "step": 30301,
    "val": {
        "loss": 0.13420738279819489,
        "acc": 0.2860538363456726
    }
}
