{
    "train": {
        "step": {
            "loss": 0.5764766931533813,
            "acc": 0.012423805892467499
        },
        "epoch": {
            "loss": 0.672575831413269,
            "acc": 0.012604029849171638
        }
    },
    "epoch": 1,
    "step": 313,
    "val": {
        "loss": 0.5470373630523682,
        "acc": 0.012609506957232952
    }
}
