{
    "val": {
        "loss": 0.5209399461746216,
        "acc": 0.8667885065078735
    },
    "epoch": 1,
    "step": 31,
    "train": {
        "epoch": {
            "loss": 0.5595679879188538,
            "acc": 0.8630666732788086
        }
    }
}