{
    "train": {
        "step": {
            "loss": 0.15965646505355835,
            "acc": 0.9510327577590942
        }
    },
    "epoch": 0,
    "step": 308,
    "val": {
        "step": {
            "loss": 0.16842353343963623,
            "acc": 0.9485399127006531
        }
    }
}