{
    "train": {
        "step": {
            "loss": 0.15965646505355835,
            "acc": 0.9510327577590942
        }
    },
    "epoch": 0,
    "step": 30,
    "val": {
        "step": {
            "loss": 0.140089750289917,
            "acc": 0.9573540091514587
        }
    }
}