{
    "train": {
        "step": {
            "loss": 0.187236949801445,
            "acc": 0.9441940188407898
        }
    },
    "epoch": 0,
    "step": 14,
    "val": {
        "step": {
            "loss": 0.18974532186985016,
            "acc": 0.9437711238861084
        }
    }
}