{
    "train": {
        "step": {
            "loss": 0.15965646505355835,
            "acc": 0.9510327577590942
        }
    },
    "epoch": 0,
    "step": 284,
    "val": {
        "step": {
            "loss": 0.1653614044189453,
            "acc": 0.9496082663536072
        }
    }
}