{
    "train": {
        "step": {
            "loss": 0.15965646505355835,
            "acc": 0.9510327577590942
        }
    },
    "epoch": 0,
    "step": 228,
    "val": {
        "step": {
            "loss": 0.15208053588867188,
            "acc": 0.9544159770011902
        }
    }
}