{
    "train": {
        "step": {
            "loss": 0.15965646505355835,
            "acc": 0.9510327577590942
        }
    },
    "epoch": 0,
    "step": 109,
    "val": {
        "step": {
            "loss": 0.17888891696929932,
            "acc": 0.9477831125259399
        }
    }
}