{
    "train": {
        "step": {
            "loss": 0.187236949801445,
            "acc": 0.9441940188407898
        }
    },
    "epoch": 0,
    "step": 6,
    "val": {
        "step": {
            "loss": 0.18908998370170593,
            "acc": 0.944411039352417
        }
    }
}