{
    "train": {
        "step": {
            "loss": 0.15965646505355835,
            "acc": 0.9510327577590942
        }
    },
    "epoch": 0,
    "step": 95,
    "val": {
        "step": {
            "loss": 0.15602539479732513,
            "acc": 0.9526798725128174
        }
    }
}