{
    "train": {
        "step": {
            "loss": 0.1843026727437973,
            "acc": 0.9451622366905212
        }
    },
    "epoch": 0,
    "step": 15,
    "val": {
        "step": {
            "loss": 0.19026094675064087,
            "acc": 0.9438490271568298
        }
    }
}