{
    "train": {
        "step": {
            "loss": 0.15965646505355835,
            "acc": 0.9510327577590942
        }
    },
    "epoch": 0,
    "step": 151,
    "val": {
        "step": {
            "loss": 0.16794650256633759,
            "acc": 0.9492521286010742
        }
    }
}