{
    "val": {
        "loss": 1.717599868774414,
        "acc": 0.016746267676353455
    },
    "epoch": 4,
    "step": 79,
    "train": {
        "epoch": {
            "loss": 1.826225757598877,
            "acc": 0.017079874873161316
        },
        "step": {
            "loss": 2.2486379146575928,
            "acc": 0.016436874866485596
        }
    }
}
