{
    "train": {
        "step": {
            "loss": 0.15965646505355835,
            "acc": 0.9510327577590942
        }
    },
    "epoch": 0,
    "step": 23,
    "val": {
        "step": {
            "loss": 0.1714600920677185,
            "acc": 0.9503205418586731
        }
    }
}