{
    "train": {
        "step": {
            "loss": 0.15965646505355835,
            "acc": 0.9510327577590942
        }
    },
    "epoch": 0,
    "step": 100,
    "val": {
        "step": {
            "loss": 0.17465075850486755,
            "acc": 0.9467147588729858
        }
    }
}