{
    "train": {
        "step": {
            "loss": 0.1880744844675064,
            "acc": 0.9437878131866455
        }
    },
    "epoch": 0,
    "step": 7,
    "val": {
        "step": {
            "loss": 0.18663550913333893,
            "acc": 0.9441050291061401
        }
    }
}