{
    "train": {
        "step": {
            "loss": 0.15965646505355835,
            "acc": 0.9510327577590942
        }
    },
    "epoch": 0,
    "step": 174,
    "val": {
        "step": {
            "loss": 0.16973131895065308,
            "acc": 0.9479166865348816
        }
    }
}