{
    "train": {
        "step": {
            "loss": 0.187236949801445,
            "acc": 0.9441940188407898
        }
    },
    "epoch": 0,
    "step": 13,
    "val": {
        "step": {
            "loss": 0.1942172795534134,
            "acc": 0.9426582455635071
        }
    }
}