{
    "val": {
        "loss": 0.604916512966156,
        "acc": 0.013155615888535976
    },
    "epoch": 1,
    "step": 31,
    "train": {
        "epoch": {
            "loss": 0.6347014904022217,
            "acc": 0.012637842446565628
        }
    }
}
