{
    "train": {
        "step": {
            "loss": 0.15965646505355835,
            "acc": 0.9510327577590942
        }
    },
    "epoch": 0,
    "step": 10,
    "val": {
        "step": {
            "loss": 0.15227682888507843,
            "acc": 0.952590823173523
        }
    }
}