{
    "train": {
        "step": {
            "loss": 0.22191950678825378,
            "acc": 0.936965823173523
        }
    },
    "epoch": 0,
    "step": 49
}