{
    "train": {
        "step": {
            "loss": 0.15796254575252533,
            "acc": 0.9515669345855713
        },
        "epoch": {
            "loss": 0.17943960428237915,
            "acc": 0.9464649558067322
        }
    },
    "epoch": 2,
    "step": 100,
    "val": {
        "step": {
            "loss": 0.1524713635444641,
            "acc": 0.9534978270530701
        },
        "epoch": {
            "loss": 0.17095120251178741,
            "acc": 0.9485845565795898
        }
    }
}