{
    "train": {
        "step": {
            "loss": 0.15965646505355835,
            "acc": 0.9510327577590942
        }
    },
    "epoch": 0,
    "step": 38,
    "val": {
        "step": {
            "loss": 0.17716234922409058,
            "acc": 0.9457353949546814
        }
    }
}