{
    "train": {
        "step": {
            "loss": 0.15965646505355835,
            "acc": 0.9510327577590942
        }
    },
    "epoch": 0,
    "step": 166,
    "val": {
        "step": {
            "loss": 0.15546759963035583,
            "acc": 0.953659176826477
        }
    }
}