{
    "train": {
        "step": {
            "loss": 0.15965646505355835,
            "acc": 0.9510327577590942
        }
    },
    "epoch": 0,
    "step": 215,
    "val": {
        "step": {
            "loss": 0.14602960646152496,
            "acc": 0.9552172422409058
        }
    }
}