{
    "train": {
        "step": {
            "loss": 0.1567513644695282,
            "acc": 0.9524962306022644
        },
        "epoch": {
            "loss": 0.1644577831029892,
            "acc": 0.9502416849136353
        }
    },
    "epoch": 3,
    "step": 549,
    "val": {
        "step": {
            "loss": 0.1705283373594284,
            "acc": 0.9489850401878357
        },
        "epoch": {
            "loss": 0.15976333618164062,
            "acc": 0.9512543082237244
        }
    }
}