{
    "train": {
        "step": {
            "loss": 0.15965646505355835,
            "acc": 0.9510327577590942
        }
    },
    "epoch": 0,
    "step": 311,
    "val": {
        "step": {
            "loss": 0.15354375541210175,
            "acc": 0.9524572491645813
        }
    }
}