{
    "train": {
        "step": {
            "loss": 0.1880744844675064,
            "acc": 0.9437878131866455
        }
    },
    "epoch": 0,
    "step": 27,
    "val": {
        "step": {
            "loss": 0.18802672624588013,
            "acc": 0.944066047668457
        }
    }
}