{
    "val": {
        "loss": 2.2603156566619873,
        "acc": 0.013056615367531776
    },
    "epoch": 0,
    "step": 1,
    "train": {
        "epoch": {
            "loss": 3.7896246910095215,
            "acc": 0.019374815747141838
        }
    }
}
