{
    "train": {
        "step": {
            "loss": 0.15965646505355835,
            "acc": 0.9510327577590942
        }
    },
    "epoch": 0,
    "step": 37,
    "val": {
        "step": {
            "loss": 0.15767687559127808,
            "acc": 0.9517895579338074
        }
    }
}