{
    "train": {
        "step": {
            "loss": 0.15965646505355835,
            "acc": 0.9510327577590942
        }
    },
    "epoch": 0,
    "step": 96,
    "val": {
        "step": {
            "loss": 0.15985751152038574,
            "acc": 0.9511218070983887
        }
    }
}