{
    "train": {
        "step": {
            "loss": 0.1527092605829239,
            "acc": 0.9528746008872986
        },
        "epoch": {
            "loss": 0.154662624001503,
            "acc": 0.952704668045044
        }
    },
    "epoch": 4,
    "step": 784,
    "val": {
        "step": {
            "loss": 0.15841147303581238,
            "acc": 0.9519230723381042
        },
        "epoch": {
            "loss": 0.14819888770580292,
            "acc": 0.9544824361801147
        }
    }
}