{
    "train": {
        "step": {
            "loss": 0.15965646505355835,
            "acc": 0.9510327577590942
        }
    },
    "epoch": 0,
    "step": 238,
    "val": {
        "step": {
            "loss": 0.17303825914859772,
            "acc": 0.9484063386917114
        }
    }
}