{
    "train": {
        "step": {
            "loss": 0.15965646505355835,
            "acc": 0.9510327577590942
        }
    },
    "epoch": 0,
    "step": 74,
    "val": {
        "step": {
            "loss": 0.17856155335903168,
            "acc": 0.9462250471115112
        }
    }
}