{
    "train": {
        "step": {
            "loss": 0.15965646505355835,
            "acc": 0.9510327577590942
        }
    },
    "epoch": 0,
    "step": 148,
    "val": {
        "step": {
            "loss": 0.17453742027282715,
            "acc": 0.9476495981216431
        }
    }
}