{
    "train": {
        "step": {
            "loss": 0.1880744844675064,
            "acc": 0.9437878131866455
        }
    },
    "epoch": 0,
    "step": 9,
    "val": {
        "step": {
            "loss": 0.19235600531101227,
            "acc": 0.9422575831413269
        }
    }
}