{
    "train": {
        "step": {
            "loss": 0.15965646505355835,
            "acc": 0.9510327577590942
        }
    },
    "epoch": 0,
    "step": 293,
    "val": {
        "step": {
            "loss": 0.15951932966709137,
            "acc": 0.9502314925193787
        }
    }
}