{
    "val": {
        "loss": 2.027869701385498,
        "acc": 0.01982841268181801
    },
    "epoch": 1,
    "step": 3,
    "train": {
        "epoch": {
            "loss": 2.9424350261688232,
            "acc": 0.01893865130841732
        }
    }
}
