{
    "train": {
        "step": {
            "loss": 0.1944146454334259,
            "acc": 0.9430533051490784
        }
    },
    "epoch": 0,
    "step": 99
}