{
    "step": 1,
    "val": {
        "loss": 1.6268984079360962,
        "acc": 0.019307617098093033
    },
    "epoch": 1,
    "train": {
        "epoch": {
            "loss": 2.156904697418213,
            "acc": 0.017720595002174377
        }
    }
}
