{
    "val": {
        "loss": 0.730073869228363,
        "acc": 0.0739261656999588
    },
    "epoch": 9,
    "step": 129,
    "train": {
        "epoch": {
            "loss": 0.68758225440979,
            "acc": 0.07354550063610077
        },
        "step": {
            "loss": 0.6717542409896851,
            "acc": 0.06711141020059586
        }
    }
}
