{
    "train": {
        "step": {
            "loss": 0.187236949801445,
            "acc": 0.9441940188407898
        }
    },
    "epoch": 0,
    "step": 19,
    "val": {
        "step": {
            "loss": 0.19552664458751678,
            "acc": 0.9419794082641602
        }
    }
}