{
    "train": {
        "step": {
            "loss": 0.17007704079151154,
            "acc": 0.9477831125259399
        }
    },
    "epoch": 0,
    "step": 199
}