{
    "val": {
        "step": {
            "loss": 0.550430178642273,
            "acc": 0.8441685438156128
        },
        "epoch": {
            "loss": 0.6619471907615662,
            "acc": 0.827750027179718
        }
    },
    "step": 4,
    "epoch": 0,
    "train": {
        "epoch": {
            "loss": 1.122913122177124,
            "acc": 0.7546461820602417
        }
    }
}