{
    "train": {
        "step": {
            "loss": 0.15965646505355835,
            "acc": 0.9510327577590942
        }
    },
    "epoch": 0,
    "step": 299,
    "val": {
        "step": {
            "loss": 0.15222984552383423,
            "acc": 0.9533030390739441
        }
    }
}