{
    "val_loss": 0.5818814635276794,
    "val_acc": 0.014885696582496166,
    "epoch": 1,
    "step": 31,
    "train": {
        "epoch": {
            "loss": 0.6049962043762207,
            "acc": 0.011966927908360958
        }
    }
}