{
    "train": {
        "step": {
            "loss": 0.15965646505355835,
            "acc": 0.9510327577590942
        }
    },
    "epoch": 0,
    "step": 170,
    "val": {
        "step": {
            "loss": 0.1558597981929779,
            "acc": 0.9525017738342285
        }
    }
}