{
    "train": {
        "step": {
            "loss": 0.15965646505355835,
            "acc": 0.9510327577590942
        }
    },
    "epoch": 0,
    "step": 214,
    "val": {
        "step": {
            "loss": 0.17240987718105316,
            "acc": 0.9475160241127014
        }
    }
}