{
    "train": {
        "step": {
            "loss": 0.1880744844675064,
            "acc": 0.9437878131866455
        }
    },
    "epoch": 0,
    "step": 0,
    "val": {
        "step": {
            "loss": 0.1877337098121643,
            "acc": 0.9435151815414429
        }
    }
}