{
    "train": {
        "step": {
            "loss": 0.15965646505355835,
            "acc": 0.9510327577590942
        }
    },
    "epoch": 0,
    "step": 69,
    "val": {
        "step": {
            "loss": 0.15231981873512268,
            "acc": 0.953125
        }
    }
}