{
    "val": {
        "loss": 0.13636493682861328,
        "acc": 0.28945955634117126
    },
    "epoch": 653,
    "step": 26150,
    "train": {
        "epoch": {
            "loss": 0.13531875610351562,
            "acc": 0.28811389207839966
        },
        "step": {
            "loss": 0.1400609165430069,
            "acc": 0.263070285320282
        }
    }
}
