{
    "train": {
        "step": {
            "loss": 0.1880744844675064,
            "acc": 0.9437878131866455
        }
    },
    "epoch": 0,
    "step": 34,
    "val": {
        "step": {
            "loss": 0.18912434577941895,
            "acc": 0.9436487555503845
        }
    }
}