{
    "train": {
        "step": {
            "loss": 0.15965646505355835,
            "acc": 0.9510327577590942
        }
    },
    "epoch": 0,
    "step": 137,
    "val": {
        "step": {
            "loss": 0.15154509246349335,
            "acc": 0.9543269276618958
        }
    }
}