{
    "train": {
        "step": {
            "loss": 0.187236949801445,
            "acc": 0.9441940188407898
        }
    },
    "epoch": 0,
    "step": 35,
    "val": {
        "step": {
            "loss": 0.19387240707874298,
            "acc": 0.9430533051490784
        }
    }
}