{
    "train": {
        "step": {
            "loss": 0.15965646505355835,
            "acc": 0.9510327577590942
        }
    },
    "epoch": 0,
    "step": 8,
    "val": {
        "step": {
            "loss": 0.1656445562839508,
            "acc": 0.9488070011138916
        }
    }
}