{
    "train": {
        "step": {
            "loss": 0.15965646505355835,
            "acc": 0.9510327577590942
        }
    },
    "epoch": 0,
    "step": 18,
    "val": {
        "step": {
            "loss": 0.16375219821929932,
            "acc": 0.95045405626297
        }
    }
}