{
    "train": {
        "step": {
            "loss": 0.187236949801445,
            "acc": 0.9441940188407898
        }
    },
    "epoch": 0,
    "step": 39,
    "val": {
        "step": {
            "loss": 0.20067720115184784,
            "acc": 0.9416844844818115
        }
    }
}