{
    "train": {
        "step": {
            "loss": 0.15965646505355835,
            "acc": 0.9510327577590942
        }
    },
    "epoch": 0,
    "step": 211,
    "val": {
        "step": {
            "loss": 0.16364282369613647,
            "acc": 0.9487179517745972
        }
    }
}