{
    "train": {
        "step": {
            "loss": 0.15965646505355835,
            "acc": 0.9510327577590942
        }
    },
    "epoch": 0,
    "step": 189,
    "val": {
        "step": {
            "loss": 0.15987065434455872,
            "acc": 0.9519675970077515
        }
    }
}