{
    "val": {
        "step": {
            "loss": 0.5299916863441467,
            "acc": 0.8484241962432861
        },
        "epoch": {
            "loss": 0.5218452215194702,
            "acc": 0.8506135940551758
        }
    },
    "step": 63,
    "epoch": 3,
    "train": {
        "epoch": {
            "loss": 0.5514765381813049,
            "acc": 0.8437508344650269
        },
        "step": {
            "loss": 0.5197206139564514,
            "acc": 0.8519810438156128
        }
    }
}