{
    "train": {
        "step": {
            "loss": 0.1880744844675064,
            "acc": 0.9437878131866455
        }
    },
    "epoch": 0,
    "step": 32,
    "val": {
        "step": {
            "loss": 0.1906011402606964,
            "acc": 0.9432035684585571
        }
    }
}