{
    "val": {
        "loss": 0.871090829372406,
        "acc": 0.012735245749354362
    },
    "epoch": 0,
    "step": 15,
    "train": {
        "epoch": {
            "loss": 1.7466247081756592,
            "acc": 0.01202675886452198
        }
    }
}
