{
    "val": {
        "step": {
            "loss": 0.6703062653541565,
            "acc": 0.8247733116149902
        }
    },
    "step": 3
}