{
    "val": {
        "loss": 1.6158121824264526,
        "acc": 0.011654035188257694
    },
    "epoch": 9,
    "step": 129,
    "train": {
        "epoch": {
            "loss": 1.574247121810913,
            "acc": 0.011668141931295395
        },
        "step": {
            "loss": 1.66398024559021,
            "acc": 0.011671686545014381
        }
    }
}
