{
    "val": {
        "loss": 1.0409696102142334,
        "acc": 0.012014287523925304
    },
    "epoch": 9,
    "step": 129,
    "train": {
        "epoch": {
            "loss": 0.9887532591819763,
            "acc": 0.011909070424735546
        },
        "step": {
            "loss": 0.9639090895652771,
            "acc": 0.011850804090499878
        }
    }
}
