{
    "train": {
        "step": {
            "loss": 0.15853364765644073,
            "acc": 0.9519787430763245
        },
        "epoch": {
            "loss": 0.17835842072963715,
            "acc": 0.9466535449028015
        }
    },
    "epoch": 2,
    "step": 114,
    "val": {
        "step": {
            "loss": 0.1582968682050705,
            "acc": 0.9517672657966614
        },
        "epoch": {
            "loss": 0.17004641890525818,
            "acc": 0.9486605525016785
        }
    }
}