{
    "train": {
        "step": {
            "loss": 0.15965646505355835,
            "acc": 0.9510327577590942
        }
    },
    "epoch": 0,
    "step": 244,
    "val": {
        "step": {
            "loss": 0.16953419148921967,
            "acc": 0.94867342710495
        }
    }
}