{
    "train": {
        "step": {
            "loss": 0.187236949801445,
            "acc": 0.9441940188407898
        }
    },
    "epoch": 0,
    "step": 25,
    "val": {
        "step": {
            "loss": 0.1871858537197113,
            "acc": 0.9447727203369141
        }
    }
}