{
    "val": {
        "loss": 2.4882261753082275,
        "acc": 0.018313800916075706
    },
    "epoch": 19,
    "step": 39,
    "train": {
        "epoch": {
            "loss": 2.5398974418640137,
            "acc": 0.016718989238142967
        }
    }
}
