{
    "train": {
        "step": {
            "loss": 0.187236949801445,
            "acc": 0.9441940188407898
        }
    },
    "epoch": 0,
    "step": 37,
    "val": {
        "step": {
            "loss": 0.19597849249839783,
            "acc": 0.9422408938407898
        }
    }
}