{
    "train": {
        "step": {
            "loss": 0.15965646505355835,
            "acc": 0.9510327577590942
        }
    },
    "epoch": 0,
    "step": 159,
    "val": {
        "step": {
            "loss": 0.17934858798980713,
            "acc": 0.9462250471115112
        }
    }
}