{
    "train": {
        "step": {
            "loss": 0.14292658865451813,
            "acc": 0.26730701327323914
        },
        "epoch": {
            "loss": 0.14402076601982117,
            "acc": 0.2603742182254791
        }
    },
    "epoch": 10,
    "step": 1677,
    "val": {
        "loss": 0.14440682530403137,
        "acc": 0.25211256742477417
    }
}
