{
    "train": {
        "step": {
            "loss": 0.15965646505355835,
            "acc": 0.9510327577590942
        }
    },
    "epoch": 0,
    "step": 164,
    "val": {
        "step": {
            "loss": 0.14733456075191498,
            "acc": 0.9545494914054871
        }
    }
}