{
    "train": {
        "step": {
            "loss": 0.187236949801445,
            "acc": 0.9441940188407898
        }
    },
    "epoch": 0,
    "step": 9,
    "val": {
        "step": {
            "loss": 0.19299699366092682,
            "acc": 0.9427639842033386
        }
    }
}